ami_,failure_scenarios,description,relevant_vulnerabilities,impacts,potential_mitigations,nist_csf_subcategory,domain,source_file,scenario_raw,scenario_id,csf_subcategory,nist_function,der_,dgm_
1.0,Authorized Employee Issues Unauthorized Mass Remote Disconnect,"An employee within the utility having valid authorization, issues a “remote disconnect” command to a large number of meters. The employee may be bribed, disgruntled, or socially engineered",V1A) System permits potentially harmful command sequences such as a sufficiently large number of disconnects that may threaten system balance,"I1A) An instantaneous mass disconnect/reconnect over multiple feeders, if permitted by the system, could cause temporary blackouts due to circuit breaker trips until power on the grid can be rebalanced",M1A) Detect anomalous commands (anomalous disconnect and reconnect commands) not stemming from the normal Customer Information System (CIS) system,"DE.AE-5: Incident alert thresholds are established
DE.CM-1: The network is monitored to detect potential cybersecurity events
DE.AE-1: A baseline of network operations and expected data flows for users and systems is established and managed


",AMI,ami.csv,,1,"DE.AE-5: Incident alert thresholds are established
DE.CM-1: The network is monitored to detect potential cybersecurity events
DE.AE-1: A baseline of network operations and expected data flows for users and systems is established and managed


",DE,,
,,,,I1B) A small number of disconnects could subvert the smart grid deployment and make the utility lose consumer confidence,M1B) Use Role-Based Access Control (RBAC) to limit who has access to sensitive functions,"PR.AC-4: Access permissions and authorizations are managed, incorporating the principles of least privilege and separation of duties",AMI,ami.csv,,2,"PR.AC-4: Access permissions and authorizations are managed, incorporating the principles of least privilege and separation of duties",PR,,
,,,,,M1C) Validate data to ensure reasonableness of changes,"PR.DS-6: Integrity checking mechanisms are used to verify software, firmware, and information integrity
PR.IP-3: Configuration change control processes are in place",AMI,ami.csv,,3,"PR.DS-6: Integrity checking mechanisms are used to verify software, firmware, and information integrity
PR.IP-3: Configuration change control processes are in place",PR,,
,,,,,M1D) Generate alarms for changes to sensitive data,"DE.AE-5: Incident alert thresholds are established
DE.CM-1: The network is monitored to detect potential cybersecurity events
PR.DS-6: Integrity checking mechanisms are used to verify software, firmware, and information integrity",AMI,ami.csv,,4,"DE.AE-5: Incident alert thresholds are established
DE.CM-1: The network is monitored to detect potential cybersecurity events
PR.DS-6: Integrity checking mechanisms are used to verify software, firmware, and information integrity",DE,,
,,,,,"M1E) Create audit logs to track who has made system configuration, software, or database additions or modifications","PR.PT-1: Audit/log records are determined, documented, implemented, and reviewed in accordance with policy",AMI,ami.csv,,5,"PR.PT-1: Audit/log records are determined, documented, implemented, and reviewed in accordance with policy",PR,,
,,,,,"M1F) Require two-person rule for single transactions that initiate mass disconnects (e.g., substation feeder, all meters listening to a given aggregation point, geographic region, etc.)","PR.AC-4: Access permissions and authorizations are managed, incorporating the principles of least privilege and separation of duties
PR.IP-1: A baseline configuration of information technology/industrial control systems is created and maintained incorporating security principles (e.g. concept of least functionality)",AMI,ami.csv,,6,"PR.AC-4: Access permissions and authorizations are managed, incorporating the principles of least privilege and separation of duties
PR.IP-1: A baseline configuration of information technology/industrial control systems is created and maintained incorporating security principles (e.g. concept of least functionality)",PR,,
,,,,,M1G) Limit events to no more than (n) number of disconnects (using any number of transactions) within a specified time period,PR.IP-1: A baseline configuration of information technology/industrial control systems is created and maintained incorporating security principles (e.g. concept of least functionality),AMI,ami.csv,,7,PR.IP-1: A baseline configuration of information technology/industrial control systems is created and maintained incorporating security principles (e.g. concept of least functionality),PR,,
,,,,,M1H) Require two-person rule for greater than (n) number of disconnects within a specified time,"PR.AC-4: Access permissions and authorizations are managed, incorporating the principles of least privilege and separation of duties
PR.IP-1: A baseline configuration of information technology/industrial control systems is created and maintained incorporating security principles (e.g. concept of least functionality)",AMI,ami.csv,,8,"PR.AC-4: Access permissions and authorizations are managed, incorporating the principles of least privilege and separation of duties
PR.IP-1: A baseline configuration of information technology/industrial control systems is created and maintained incorporating security principles (e.g. concept of least functionality)",PR,,
,,,,,M1I) Cross check with the billing system to ensure the customer has the appropriate status before the disconnect command is issued,"PR.DS-6: Integrity checking mechanisms are used to verify software, firmware, and information integrity
",AMI,ami.csv,,9,"PR.DS-6: Integrity checking mechanisms are used to verify software, firmware, and information integrity
",PR,,
2.0,Authorized Employee Manipulates MDMS Data to Over/Under Charge,"The Meter Data Management System (MDMS) is accessed by an employee (coerced or disgruntled) who selects a few accounts to overcharge or undercharge. This could be done by altering usage or pricing data. It may also be accomplished using malware. When the bills are paid, either the utility receives more or less revenue. An audit uncovering this activity could cause embarrassment or financial burden to the utility",V2A) System permits unauthorized changes to Meter Data Management System (MDMS) user billing data,I2A) Utility may be liable for mischarging customers,"M2A) Detect unusual patterns of energy usage (all utilities have some type of revenue protection scheme, but these may not be adequate)","DE.AE-5: Incident alert thresholds are established
DE.AE-1: A baseline of network operations and expected data flows for users and systems is established and managed
DE.CM-1: The network is monitored to detect potential cybersecurity events
",AMI,ami.csv,,10,"DE.AE-5: Incident alert thresholds are established
DE.AE-1: A baseline of network operations and expected data flows for users and systems is established and managed
DE.CM-1: The network is monitored to detect potential cybersecurity events
",DE,,
,,,V2B) System assumes data inputs and resulting calculations are accurate for customer energy billing calculations in the Meter Data Management System (MDMS),I2B) Utilities will have to correct billing errors.,M2B) Use RBAC to limit access to sensitive functions,"PR.AC-4: Access permissions and authorizations are managed, incorporating the principles of least privilege and separation of duties",AMI,ami.csv,,11,"PR.AC-4: Access permissions and authorizations are managed, incorporating the principles of least privilege and separation of duties",PR,,
,,,V2C) System permits installation of malware* on the MDMS,,M2C) Validate data to ensure reasonableness for changes,"PR.DS-6: Integrity checking mechanisms are used to verify software, firmware, and information integrity
PR.IP-3: Configuration change control processes are in place",AMI,ami.csv,,12,"PR.DS-6: Integrity checking mechanisms are used to verify software, firmware, and information integrity
PR.IP-3: Configuration change control processes are in place",PR,,
,,,,,M2D) Generate alarms on changes to sensitive data,"DE.AE-5: Incident alert thresholds are established
DE.CM-1: The network is monitored to detect potential cybersecurity events
PR.DS-6: Integrity checking mechanisms are used to verify software, firmware, and information integrity
PR.IP-3: Configuration change control processes are in place",AMI,ami.csv,,13,"DE.AE-5: Incident alert thresholds are established
DE.CM-1: The network is monitored to detect potential cybersecurity events
PR.DS-6: Integrity checking mechanisms are used to verify software, firmware, and information integrity
PR.IP-3: Configuration change control processes are in place",DE,,
,,,,,M2E) Create audit logs of who has made software or database modifications,"PR.PT-1: Audit/log records are determined, documented, implemented, and reviewed in accordance with policy",AMI,ami.csv,,14,"PR.PT-1: Audit/log records are determined, documented, implemented, and reviewed in accordance with policy",PR,,
,,,,,"M2F) Check software execution integrity, since software may be compromised when loaded for execution","PR.DS-6: Integrity checking mechanisms are used to verify software, firmware, and information integrity",AMI,ami.csv,,15,"PR.DS-6: Integrity checking mechanisms are used to verify software, firmware, and information integrity",PR,,
,,,,,M2G) Detect abnormal output (unexpected data or destinations) in billing and AMI system network traffic,"DE.AE-1: A baseline of network operations and expected data flows for users and systems is established and managed
DE.CM-1: The network is monitored to detect potential cybersecurity events
DE.AE-5: Incident alert thresholds are established
",AMI,ami.csv,,16,"DE.AE-1: A baseline of network operations and expected data flows for users and systems is established and managed
DE.CM-1: The network is monitored to detect potential cybersecurity events
DE.AE-5: Incident alert thresholds are established
",DE,,
,,,,,M2H) Perform financial audit to check for unexpected results,ID.GV-4: Governance and risk management processes address cybersecurity risks,AMI,ami.csv,,17,ID.GV-4: Governance and risk management processes address cybersecurity risks,ID,,
,,,,,M2I) Implement configuration management,PR.IP-3: Configuration change control processes are in place,AMI,ami.csv,,18,PR.IP-3: Configuration change control processes are in place,PR,,
,,,,,M2J) Restrict physical access,PR.AC-2: Physical access to assets is managed and protected,AMI,ami.csv,,19,PR.AC-2: Physical access to assets is managed and protected,PR,,
,,,,,M2K) Train personnel regarding need to lock unattended workstations,PR.AT-1: All users are informed and trained ,AMI,ami.csv,,20,PR.AT-1: All users are informed and trained ,PR,,
,,,,,M2L) Detect physical intrusion with the use of video surveillance,"DE.CM-2: The physical environment is monitored to detect potential cybersecurity events

",AMI,ami.csv,,21,"DE.CM-2: The physical environment is monitored to detect potential cybersecurity events

",DE,,
,,,,,M2M) Lock workstations when workstations are unattended,"PR.AC-2: Physical access to assets is managed and protected
PR.AC-7: Users, devices, and other assets are authenticated (e.g., single-factor, multi-factor) commensurate with the risk of the transaction (e.g., individuals’ security and privacy risks and other organizational risks)",AMI,ami.csv,,22,"PR.AC-2: Physical access to assets is managed and protected
PR.AC-7: Users, devices, and other assets are authenticated (e.g., single-factor, multi-factor) commensurate with the risk of the transaction (e.g., individuals’ security and privacy risks and other organizational risks)",PR,,
,,,,,M2M) Check software file integrity (digital signatures or keyed hashes) to validate software or firmware updates before installation and/or during operation,"PR.DS-6: Integrity checking mechanisms are used to verify software, firmware, and information integrity",AMI,ami.csv,,23,"PR.DS-6: Integrity checking mechanisms are used to verify software, firmware, and information integrity",PR,,
3.0,Invalid Access Used to Install Malware Enabling Remote Internet Control,"A threat agent acquires physical and logical access to the utility enterprise network. The threat agent installs remote accessible malware allowing remote command and control of the AMI system accessible from any available Internet connection. Physical access may be achieved via poor locks, unlocked doors, stolen credentials, or social engineering",V3A) System permits installation of malware* on the utility enterprise network or AMI implementation,I3A) Potential remote command and control capability by a threat agent,M3A) Use RBAC to limit who has access to the AMI system and the enterprise network,"PR.AC-4: Access permissions and authorizations are managed, incorporating the principles of least privilege and separation of duties",AMI,ami.csv,,24,"PR.AC-4: Access permissions and authorizations are managed, incorporating the principles of least privilege and separation of duties",PR,,
,,,"V3B) Internet connection may be misused by adversary,* specifically the connection from the Internet to the utility enterprise network or AMI implementation can serve as a command channel for malware on the AMI system","I3B) Depending on the system’s architecture and permissions, performance of meter disconnects.",M3B) Create audit logs of who has made software additions or modifications,"PR.PT-1: Audit/log records are determined, documented, implemented, and reviewed in accordance with policy",AMI,ami.csv,,25,"PR.PT-1: Audit/log records are determined, documented, implemented, and reviewed in accordance with policy",PR,,
,,,V3C) Physical access may be obtained by unauthorized individuals to the utility enterprise network or AMI implementation,,M3C) Generate alerts when software additions or modifications have been made,"DE.AE-5: Incident alert thresholds are established
",AMI,ami.csv,,26,"DE.AE-5: Incident alert thresholds are established
",DE,,
,,,V3D) System relies on credentials that are easy to obtain for access to the utility enterprise network or AMI implementation,,"M3D) Check software execution integrity, since software may be compromised when loaded for execution","PR.DS-6: Integrity checking mechanisms are used to verify software, firmware, and information integrity",AMI,ami.csv,,27,"PR.DS-6: Integrity checking mechanisms are used to verify software, firmware, and information integrity",PR,,
,,,,,M3E) Authenticate users so that physical access to the system(s) does not automatically grant logical access,"PR.AC-7: Users, devices, and other assets are authenticated (e.g., single-factor, multi-factor) commensurate with the risk of the transaction (e.g., individuals’ security and privacy risks and other organizational risks)",AMI,ami.csv,,28,"PR.AC-7: Users, devices, and other assets are authenticated (e.g., single-factor, multi-factor) commensurate with the risk of the transaction (e.g., individuals’ security and privacy risks and other organizational risks)",PR,,
,,,,,M3F) Require multi-factor authentication to gain access to sensitive systems,"PR.AC-7: Users, devices, and other assets are authenticated (e.g., single-factor, multi-factor) commensurate with the risk of the transaction (e.g., individuals’ security and privacy risks and other organizational risks)",AMI,ami.csv,,29,"PR.AC-7: Users, devices, and other assets are authenticated (e.g., single-factor, multi-factor) commensurate with the risk of the transaction (e.g., individuals’ security and privacy risks and other organizational risks)",PR,,
,,,,,M3G) Isolate networks serving critical functionality such as control systems from the Internet,"PR.AC-5: Network integrity is protected (e.g., network segregation, network segmentation)",AMI,ami.csv,,30,"PR.AC-5: Network integrity is protected (e.g., network segregation, network segmentation)",PR,,
,,,,,"M3H) Restrict Internet access to deny controls systems networks access to or from the
Internet","PR.AC-5: Network integrity is protected (e.g., network segregation, network segmentation)
PR.PT-3: The principle of least functionality is incorporated by configuring systems to provide only essential capabilities",AMI,ami.csv,,31,"PR.AC-5: Network integrity is protected (e.g., network segregation, network segmentation)
PR.PT-3: The principle of least functionality is incorporated by configuring systems to provide only essential capabilities",PR,,
,,,,,M3I) Require video surveillance to document who enters the server room,DE.CM-2: The physical environment is monitored to detect potential cybersecurity events,AMI,ami.csv,,32,DE.CM-2: The physical environment is monitored to detect potential cybersecurity events,DE,,
,,,,,M3J) Check software file integrity (digital signatures or keyed hashes) to validate software or firmware updates before installation and/or during operation,"PR.DS-6: Integrity checking mechanisms are used to verify software, firmware, and information integrity",AMI,ami.csv,,33,"PR.DS-6: Integrity checking mechanisms are used to verify software, firmware, and information integrity",PR,,
,,,,,M3K) Restrict physical access to the utility enterprise network or AMI implementation,PR.AC-2: Physical access to assets is managed and protected,AMI,ami.csv,,34,PR.AC-2: Physical access to assets is managed and protected,PR,,
,,,,,M3L) Protect credentials for the enterprise network and/or AMI system,"PR.AC-1: Identities and credentials are issued, managed, verified, revoked, and audited for authorized devices, users and processes",AMI,ami.csv,,35,"PR.AC-1: Identities and credentials are issued, managed, verified, revoked, and audited for authorized devices, users and processes",PR,,
,,,,,M3M) Require strong passwords for the enterprise network and/or AMI system,"PR.AC-7: Users, devices, and other assets are authenticated (e.g., single-factor, multi-factor) commensurate with the risk of the transaction (e.g., individuals’ security and privacy risks and other organizational risks)",AMI,ami.csv,,36,"PR.AC-7: Users, devices, and other assets are authenticated (e.g., single-factor, multi-factor) commensurate with the risk of the transaction (e.g., individuals’ security and privacy risks and other organizational risks)",PR,,
,,,,,M3N) Restrict configuration access to limit who has access and can make configuration changes,"PR.AC-4: Access permissions and authorizations are managed, incorporating the principles of least privilege and separation of duties
PR.IP-3: Configuration change control processes are in place",AMI,ami.csv,,37,"PR.AC-4: Access permissions and authorizations are managed, incorporating the principles of least privilege and separation of duties
PR.IP-3: Configuration change control processes are in place",PR,,
4.0,Overused Key Captured on Meter Bus Enables Usage Data Manipulation,Meters are deployed with the same symmetric cryptographic key on all meters in the AMI implementation. A threat agent is able to acquire the secret encryption key after monitoring communications on the internal bus of one of these meters. The secret key is passed in the clear on the bus. Usage data is then manipulated to overstate/understate energy usage or to under/overstate energy production from Distributed Energy Resources (DERs),V4A) Secret key is stored or transmitted in the clear while in transit on the internal bus of a meter,"I4A) Continuous loss of revenue due to understated energy usage or overstated
energy production",M4A) Require approved cryptographic algorithms to protect the confidentiality of communications on the internal meter bus and the cryptographic keys,"PR.DS-2: Data-in-transit is protected
PR.PT-4: Communications and control networks are protected",AMI,ami.csv,,38,"PR.DS-2: Data-in-transit is protected
PR.PT-4: Communications and control networks are protected",PR,,
,,,V4B) Encryption keys are shared by multiple meters in an AMI implementation,"I4B) The utility may be liable for mischarging customers and may have to correct billing errors. If over-payments were received from customers, restitution would have to be paid to those customers",M4B) Require approved key management to protect the cryptographic keys,"PR.DS-1: Data-at-rest is protected
PR.DS-2: Data-in-transit is protected",AMI,ami.csv,,39,"PR.DS-1: Data-at-rest is protected
PR.DS-2: Data-in-transit is protected",PR,,
,,,,I4C) Loss of customer trust in the utility billing (negative publicity),M4C) Require unique keys (symmetric keys) for each deployed meter,"PR.IP-5: Policy and regulations regarding the physical operating environment for organizational assets are met
PR.DS-2: Data-in-transit is protected",AMI,ami.csv,,40,"PR.IP-5: Policy and regulations regarding the physical operating environment for organizational assets are met
PR.DS-2: Data-in-transit is protected",PR,,
,,,,,"M4D) Detect unusual patterns of energy usage on smart meters (all utilities have some
type of revenue protection scheme, but these may not be adequate)","DE.AE-5: Incident alert thresholds are established
DE.AE-1: A baseline of network operations and expected data flows for users and systems is established and managed
DE.CM-1: The network is monitored to detect potential cybersecurity events
",AMI,ami.csv,,41,"DE.AE-5: Incident alert thresholds are established
DE.AE-1: A baseline of network operations and expected data flows for users and systems is established and managed
DE.CM-1: The network is monitored to detect potential cybersecurity events
",DE,,
,,,,,M4E) Perform financial audit to check for unexpected results,ID.GV-4: Governance and risk management processes address cybersecurity risks,AMI,ami.csv,,42,ID.GV-4: Governance and risk management processes address cybersecurity risks,ID,,
5.0,Mass Meter Rekeying Required when Common Key Compromised,"Meters are deployed with the same symmetric cryptographic key on all meters in the AMI implementation. Key compromise occurs in the field due to the ability to extract the secret key when in physical possession of a meter, or during distribution of keys to meters. In this failure scenario, no known financial or energy usage information is actually compromised due to the compromised key, but all the meters still need to be rekeyed to mitigate the potential for future malicious activities",V5A) Encryption keys are shared by multiple meters in an AMI implementation,"I5A) Negative publicity,",M5A) Require unique keys (symmetric key) for each meter,"PR.IP-5: Policy and regulations regarding the physical operating environment for organizational assets are met
PR.DS-2: Data-in-transit is protected",AMI,ami.csv,,43,"PR.IP-5: Policy and regulations regarding the physical operating environment for organizational assets are met
PR.DS-2: Data-in-transit is protected",PR,,
,,,V5B) Secret key is stored or transmitted in the clear on the meter,I5B) Cost of rekeying meters,M5B) Require approved key management,"PR.DS-1: Data-at-rest is protected
PR.DS-2: Data-in-transit is protected",AMI,ami.csv,,44,"PR.DS-1: Data-at-rest is protected
PR.DS-2: Data-in-transit is protected",PR,,
,,,"V5C) Secret key is stored or transmitted in the clear during transit to the meter during
key distribution",,M5C) Require secure key storage on meters,"PR.IP-5: Policy and regulations regarding the physical operating environment for organizational assets are met
PR.DS-1: Data-at-rest is protected",AMI,ami.csv,,45,"PR.IP-5: Policy and regulations regarding the physical operating environment for organizational assets are met
PR.DS-1: Data-at-rest is protected",PR,,
6.0,One Compromised Meter in a Mesh Wireless Network Blocks Others,"An unauthorized entity installs rogue firmware or software on a single smart meter. This might be via direct access to the meter or via interception/modification
of a legitimate meter update. The compromised meter software could report an understatement of usage, or cause sporadic failure of the self-test process to impede discovery. If meters in the system implement a mesh wireless network, the compromised meter might misroute communications from other meters, blocking the path back to the AMI headend for those meters and making those meters effectively “unresponsive.”",V6A) System relies on credentials that are easy to obtain for access for privileges to install firmware or software on a smart meter,"I6A) Continuous loss of revenue for utility if modified software/firmware understates
usage (impact scales as more meters are affected)","M6A) Detect unusual patterns of energy usage on smart meters (all utilities have some type of revenue protection scheme, but these may not be sufficient)","DE.AE-5: Incident alert thresholds are established
DE.AE-1: A baseline of network operations and expected data flows for users and systems is established and managed
DE.CM-1: The network is monitored to detect potential cybersecurity events
",AMI,ami.csv,,46,"DE.AE-5: Incident alert thresholds are established
DE.AE-1: A baseline of network operations and expected data flows for users and systems is established and managed
DE.CM-1: The network is monitored to detect potential cybersecurity events
",DE,,
,,,"V6B) System permits unauthorized installation of software or firmware* on a smart
meter.","I6B) CTruck rolls needed to investigate compromised meter failure or nonresponsive
meters due to misrouting",M6B) Require multi-factor authentication for firmware or software updates,"PR.AC-7: Users, devices, and other assets are authenticated (e.g., single-factor, multi-factor) commensurate with the risk of the transaction (e.g., individuals’ security and privacy risks and other organizational risks)



",AMI,ami.csv,,47,"PR.AC-7: Users, devices, and other assets are authenticated (e.g., single-factor, multi-factor) commensurate with the risk of the transaction (e.g., individuals’ security and privacy risks and other organizational risks)



",PR,,
,,,,,M6C) Use Role-Based Access Control to limit privileges to install software,"PR.AC-4: Access permissions and authorizations are managed, incorporating the principles of least privilege and separation of duties",AMI,ami.csv,,48,"PR.AC-4: Access permissions and authorizations are managed, incorporating the principles of least privilege and separation of duties",PR,,
,,,,,M6D) Check software file integrity (digital signatures or keyed hashes) to validate software or firmware updates before installation and/or during operation,"PR.DS-6: Integrity checking mechanisms are used to verify software, firmware, and information integrity",AMI,ami.csv,,49,"PR.DS-6: Integrity checking mechanisms are used to verify software, firmware, and information integrity",PR,,
7.0,Deployed Meters Containing Undesirable Functionality Need Repair,"Undesirable capabilities and features are discovered in smart meters deployed by a utility. This discovery may happen as the result of focused security research or because the utility discovers it has deployed a product containing the same compromised chipset used in a common consumer product. For example, an additional communications channel could be available on the meter, which, if activated, permits offloading of personally identifiable information (PII) or interferes with the functioning of the devices. The compromised smart meters will need to be upgraded or replaced","V7A) Physical access may be obtained by unauthorized individuals via the smart meter
interfaces which can permit modifying device functionality",I7A) Cost to upgrade or potentially replace meters,"M7A) Conduct penetration testing of devices which includes security analysis of all device interfaces, regardless of their respective impact on meter functionality (such as labeling and internal Joint Test Action Group (JTAG) interfaces)",ID.RA-1: Asset vulnerabilities are identified and documented,AMI,ami.csv,,50,ID.RA-1: Asset vulnerabilities are identified and documented,ID,,
,,,V7B) Presence of features or functions that may be misused by users in a manner not intended by the designers of the smart meter,"I7B) If violations of consumer privacy are proven, the utility may be subject to legal actions",M7B) Require secure remote firmware upgrade on the meter,"PR.MA-2: Remote maintenance of organizational assets is approved, logged, and performed in a manner that prevents unauthorized access
PR.DS-6: Integrity checking mechanisms are used to verify software, firmware, and information integrity",AMI,ami.csv,,51,"PR.MA-2: Remote maintenance of organizational assets is approved, logged, and performed in a manner that prevents unauthorized access
PR.DS-6: Integrity checking mechanisms are used to verify software, firmware, and information integrity",PR,,
,,,,"I7C) If meters go “dead” or misstate usage, the utility would lose revenue from impacted customers until the meters are fixed or replaced",M7C) Require secure boot loader,"PR.DS-6: Integrity checking mechanisms are used to verify software, firmware, and information integrity",AMI,ami.csv,,52,"PR.DS-6: Integrity checking mechanisms are used to verify software, firmware, and information integrity",PR,,
,,,,,M7D) Generate alarms for unusual or unexpected meter operations,"DE.AE-5: Incident alert thresholds are established
DE.CM-1: The network is monitored to detect potential cybersecurity events",AMI,ami.csv,,53,"DE.AE-5: Incident alert thresholds are established
DE.CM-1: The network is monitored to detect potential cybersecurity events",DE,,
,,,,,M7E) Detect abnormal functionality to identify network ports and services in use and generate alerts,"DE.AE-1: A baseline of network operations and expected data flows for users and systems is established and managed
DE.CM-1: The network is monitored to detect potential cybersecurity events
DE.AE-5: Incident alert thresholds are established

",AMI,ami.csv,,54,"DE.AE-1: A baseline of network operations and expected data flows for users and systems is established and managed
DE.CM-1: The network is monitored to detect potential cybersecurity events
DE.AE-5: Incident alert thresholds are established

",DE,,
,,,,,M7F) Cross check network ports and services against intended applications,"PR.IP-1: A baseline configuration of information technology/industrial control systems is created and maintained incorporating security principles (e.g. concept of least functionality)
PR.AC-5: Network integrity is protected (e.g., network segregation, network segmentation)",AMI,ami.csv,,55,"PR.IP-1: A baseline configuration of information technology/industrial control systems is created and maintained incorporating security principles (e.g. concept of least functionality)
PR.AC-5: Network integrity is protected (e.g., network segregation, network segmentation)",PR,,
,,,,,M7G) Generate alerts for unapproved traffic,DE.AE-5: Incident alert thresholds are established,AMI,ami.csv,,56,DE.AE-5: Incident alert thresholds are established,DE,,
8.0,False Meter Alarms Overwhelm AMI and Mask Real Alarms,"Either due to spoofed tamper alarms or design/implementation problems with the legitimate alarm capability, false meter alarms overwhelm the AMI system and/or cause real meter alarms to be disabled or ignored",V8A) Alarm management system does not support required processing for legitimate alarm conditions* in the AMI system,I8A) Disabling or ignoring of alarms leads to loss of metering tamper awareness and increases the impact of those failure scenarios in which meter tampering occurs,"M8A) Prioritize alarms by type, location, and other criteria so that high-profile alarms
can be distinguished and highlighted","DE.AE-5: Incident alert thresholds are established
ID.AM-5: Resources (e.g., hardware, devices, data, time, personnel, and software) are prioritized based on their classification, criticality, and business value
",AMI,ami.csv,,57,"DE.AE-5: Incident alert thresholds are established
ID.AM-5: Resources (e.g., hardware, devices, data, time, personnel, and software) are prioritized based on their classification, criticality, and business value
",DE,,
,,,V8B) Alarm processing capability is overwhelmed by unnecessary alarms in the alarm management component of the AMI system,,M8B) Authenticate messages for receipt of tamper alarms,"PR.DS-2: Data-in-transit is protected
PR.DS-6: Integrity checking mechanisms are used to verify software, firmware, and information integrity",AMI,ami.csv,,58,"PR.DS-2: Data-in-transit is protected
PR.DS-6: Integrity checking mechanisms are used to verify software, firmware, and information integrity",PR,,
,,,V8C) Inadequate criteria for determining which alarms deserve priority in the alarm management component of the AMI system,,M8C) Encrypt communication paths for receipt of tamper alarms,"PR.PT-4: Communications and control networks are protected
PR.DS-2: Data-in-transit is protected",AMI,ami.csv,,59,"PR.PT-4: Communications and control networks are protected
PR.DS-2: Data-in-transit is protected",PR,,
,,,,,M8D) Protect against replay involving receipt of tamper alarms,"DE.CM-7: Monitoring for unauthorized personnel, connections, devices, and software is performed
DE.DP-2: Detection activities comply with all applicable requirements",AMI,ami.csv,,60,"DE.CM-7: Monitoring for unauthorized personnel, connections, devices, and software is performed
DE.DP-2: Detection activities comply with all applicable requirements",DE,,
,,,,,M8E) Cross check that tamper alarm is for a real meter,"PR.DS-6: Integrity checking mechanisms are used to verify software, firmware, and information integrity",AMI,ami.csv,,61,"PR.DS-6: Integrity checking mechanisms are used to verify software, firmware, and information integrity",PR,,
,,,,,M8F) Perform hardware acceptance testing including tamper alarms,PR.DS-8: Integrity checking mechanisms are used to verify hardware integrity,AMI,ami.csv,,62,PR.DS-8: Integrity checking mechanisms are used to verify hardware integrity,PR,,
,,,,,M8G) Analyze anomalous events that trigger alarms in order to aggregate alarms for reporting,"DE.AE-3: Event data are collected and correlated from multiple sources and sensors
",AMI,ami.csv,,63,"DE.AE-3: Event data are collected and correlated from multiple sources and sensors
",DE,,
,,,,,M8H) Cross check outage alerts with existing technology such as the customer service systems.,"PR.DS-6: Integrity checking mechanisms are used to verify software, firmware, and information integrity
DE.AE-3: Event data are collected and correlated from multiple sources and sensors",AMI,ami.csv,,64,"PR.DS-6: Integrity checking mechanisms are used to verify software, firmware, and information integrity
DE.AE-3: Event data are collected and correlated from multiple sources and sensors",PR,,
9.0,Invalid Disconnect Messages to Meters Impact Customers and Utility,"A threat agent obtains legitimate credentials to the AMI system via social engineering. The threat agent may already have access to the network on which this system resides or may succeed in reaching the network from another network. The threat agent issues a disconnect command for one or more target meters. Alternatively, a disconnect may be placed in a schedule and then occur automatically at a later time",V9A) System relies on credentials that are easy to obtain for access (via social engineering) in the AMI system,I9A) Customers experience power outages,M9A) Detect unusual patterns of disconnects on smart meters,"DE.AE-5: Incident alert thresholds are established
DE.CM-1: The network is monitored to detect potential cybersecurity events


",AMI,ami.csv,,65,"DE.AE-5: Incident alert thresholds are established
DE.CM-1: The network is monitored to detect potential cybersecurity events


",DE,,
,,,V9B) Workforce may be unaware of recommended precautions to prevent social engineering attacks,I9B) Utility may need to roll a truck to identify the problem,M9B) Re-evaluate scheduled disconnects,"PR.MA-1: Maintenance and repair of organizational assets are performed and logged, with approved and controlled tools
PR.MA-2: Remote maintenance of organizational assets is approved, logged, and performed in a manner that prevents unauthorized access",AMI,ami.csv,,66,"PR.MA-1: Maintenance and repair of organizational assets are performed and logged, with approved and controlled tools
PR.MA-2: Remote maintenance of organizational assets is approved, logged, and performed in a manner that prevents unauthorized access",PR,,
,,,V9C) System relies on credentials that are easy to obtain for access to a meter disconnect command (single-factor authentication),I9C) Utility loses revenue (scales based on number of meters affected),M9C) Define policy for mass meter disconnect,"ID.GV-1: Organizational cybersecurity policy is established and communicated
PR.IP-5: Policy and regulations regarding the physical operating environment for organizational assets are met",AMI,ami.csv,,67,"ID.GV-1: Organizational cybersecurity policy is established and communicated
PR.IP-5: Policy and regulations regarding the physical operating environment for organizational assets are met",ID,,
,,,V9D) Network interconnections provide users and hardware/software entities with access unnecessary for their roles from remote networks to network containing the AMI system,I9D) Threat agent may use power outage to mask criminal activity at customer sites,M9D) Define procedures for mass meter disconnect,"ID.GV-1: Organizational cybersecurity policy is established and communicated
PR.IP-5: Policy and regulations regarding the physical operating environment for organizational assets are met",AMI,ami.csv,,68,"ID.GV-1: Organizational cybersecurity policy is established and communicated
PR.IP-5: Policy and regulations regarding the physical operating environment for organizational assets are met",ID,,
,,,,,M9E) Require multi-factor authentication for mass meter disconnect,"PR.AC-7: Users, devices, and other assets are authenticated (e.g., single-factor, multi-factor) commensurate with the risk of the transaction (e.g., individuals’ security and privacy risks and other organizational risks)",AMI,ami.csv,,69,"PR.AC-7: Users, devices, and other assets are authenticated (e.g., single-factor, multi-factor) commensurate with the risk of the transaction (e.g., individuals’ security and privacy risks and other organizational risks)",PR,,
,,,,,M9F) Train personnel regarding social engineering techniques,PR.AT-1: All users are informed and trained ,AMI,ami.csv,,70,PR.AT-1: All users are informed and trained ,PR,,
,,,,,M9G) Restrict Internet access using firewall rules,"PR.AC-4: Access permissions and authorizations are managed, incorporating the principles of least privilege and separation of duties
PR.AC-3: Remote access is managed",AMI,ami.csv,,71,"PR.AC-4: Access permissions and authorizations are managed, incorporating the principles of least privilege and separation of duties
PR.AC-3: Remote access is managed",PR,,
,,,,,M9H) Require VPNs for internal connections from the Internet,"PR.PT-4: Communications and control networks are protected
PR.AC-3: Remote access is managed",AMI,ami.csv,,72,"PR.PT-4: Communications and control networks are protected
PR.AC-3: Remote access is managed",PR,,
,,,,,M9I) Restrict Internet access for the AMI headend system,"PR.AC-4: Access permissions and authorizations are managed, incorporating the principles of least privilege and separation of duties
PR.AC-3: Remote access is managed",AMI,ami.csv,,73,"PR.AC-4: Access permissions and authorizations are managed, incorporating the principles of least privilege and separation of duties
PR.AC-3: Remote access is managed",PR,,
,,,,,M9J) Isolate networks for the AMI headend system from the Internet,"PR.AC-5: Network integrity is protected (e.g., network segregation, network segmentation)",AMI,ami.csv,,74,"PR.AC-5: Network integrity is protected (e.g., network segregation, network segmentation)",PR,,
,,,,,M9K) Authenticate devices connecting to the AMI headend system,"PR.AC-7: Users, devices, and other assets are authenticated (e.g., single-factor, multi-factor) commensurate with the risk of the transaction (e.g., individuals’ security and privacy risks and other organizational risks)



",AMI,ami.csv,,75,"PR.AC-7: Users, devices, and other assets are authenticated (e.g., single-factor, multi-factor) commensurate with the risk of the transaction (e.g., individuals’ security and privacy risks and other organizational risks)



",PR,,
,,,,,M9L) Require approved cryptographic algorithms for the AMI headend system,"PR.DS-2: Data-in-transit is protected
PR.PT-4: Communications and control networks are protected",AMI,ami.csv,,76,"PR.DS-2: Data-in-transit is protected
PR.PT-4: Communications and control networks are protected",PR,,
,,,,,M9M) Enforce least privilege to the minimum number of systems and/or individuals requiring MDMS access,"PR.AC-4: Access permissions and authorizations are managed, incorporating the principles of least privilege and separation of duties",AMI,ami.csv,,77,"PR.AC-4: Access permissions and authorizations are managed, incorporating the principles of least privilege and separation of duties",PR,,
10.0,Unauthorized Pricing Information Impacts Utility Revenue,"The threat agent sends out unauthorized pricing information, such as Time-of-Use (TOU) pricing. This may result in either a loss or increase in utility revenue until the invalid price is recognized. At that point law suits may occur",V10A) Network interconnections provide users and hardware/software entities with access unnecessary for their roles at the enterprise boundary,I10A) Potential for brownout or blackout depending upon the level of response from TOU participants,M10A) Validate data to detect a person overriding the calculated prices or entering inconsistent prices in the price calculation system,"PR.DS-6: Integrity checking mechanisms are used to verify software, firmware, and information integrity",AMI,ami.csv,,78,"PR.DS-6: Integrity checking mechanisms are used to verify software, firmware, and information integrity",PR,,
,,,V10B) System relies on credentials that are easy to obtain for access to pricing change functions,I10B) Utility will lose or gain revenue due to invalid prices,M10B) Create audit log when a person overrides the calculated prices or enters inconsistent prices in the price calculation system,"PR.PT-1: Audit/log records are determined, documented, implemented, and reviewed in accordance with policy",AMI,ami.csv,,79,"PR.PT-1: Audit/log records are determined, documented, implemented, and reviewed in accordance with policy",PR,,
,,,V10C) System permits unauthorized changes to accounts required to make TOU pricing changes,I10C) Lawsuits might be required to resolve the discrepancies,M10C) Generate alarms when a person overrides the calculated prices or enters inconsistent prices in the price calculation system,"DE.AE-5: Incident alert thresholds are established
DE.CM-1: The network is monitored to detect potential cybersecurity events",AMI,ami.csv,,80,"DE.AE-5: Incident alert thresholds are established
DE.CM-1: The network is monitored to detect potential cybersecurity events",DE,,
,,,"V10D) Configuration changes are not verified for correctness in pricing data (e.g., TOU pricing)",,M10D) Restrict Internet access using firewall rules,"PR.AC-4: Access permissions and authorizations are managed, incorporating the principles of least privilege and separation of duties
PR.AC-3: Remote access is managed",AMI,ami.csv,,81,"PR.AC-4: Access permissions and authorizations are managed, incorporating the principles of least privilege and separation of duties
PR.AC-3: Remote access is managed",PR,,
,,,,,M10E) Require VPNs for internal connections from the Internet,"PR.PT-4: Communications and control networks are protected
PR.AC-3: Remote access is managed",AMI,ami.csv,,82,"PR.PT-4: Communications and control networks are protected
PR.AC-3: Remote access is managed",PR,,
,,,,,M10F) Detect unauthorized access between the Internet and AMI,"DE.CM-7: Monitoring for unauthorized personnel, connections, devices, and software is performed",AMI,ami.csv,,83,"DE.CM-7: Monitoring for unauthorized personnel, connections, devices, and software is performed",DE,,
,,,,,M10G) Restrict network access between the Internet and AMI,"PR.AC-5: Network integrity is protected (e.g., network segregation, network segmentation)
PR.AC-4: Access permissions and authorizations are managed, incorporating the principles of least privilege and separation of duties",AMI,ami.csv,,84,"PR.AC-5: Network integrity is protected (e.g., network segregation, network segmentation)
PR.AC-4: Access permissions and authorizations are managed, incorporating the principles of least privilege and separation of duties",PR,,
,,,,,M10E) Require multi-factor authentication for price changes,"PR.AC-7: Users, devices, and other assets are authenticated (e.g., single-factor, multi-factor) commensurate with the risk of the transaction (e.g., individuals’ security and privacy risks and other organizational risks)",AMI,ami.csv,,85,"PR.AC-7: Users, devices, and other assets are authenticated (e.g., single-factor, multi-factor) commensurate with the risk of the transaction (e.g., individuals’ security and privacy risks and other organizational risks)",PR,,
,,,,,M10F) Enforce least privilege to minimize personnel with access to perform price changes,"PR.AC-4: Access permissions and authorizations are managed, incorporating the principles of least privilege and separation of duties",AMI,ami.csv,,86,"PR.AC-4: Access permissions and authorizations are managed, incorporating the principles of least privilege and separation of duties",PR,,
,,,,,"M10G) Protect credentials permitting price changes, in both user and administrative processes","PR.AC-1: Identities and credentials are issued, managed, verified, revoked, and audited for authorized devices, users and processes",AMI,ami.csv,,87,"PR.AC-1: Identities and credentials are issued, managed, verified, revoked, and audited for authorized devices, users and processes",PR,,
,,,,,M10G) Require two-person rule for execution of price changes,"PR.AC-4: Access permissions and authorizations are managed, incorporating the principles of least privilege and separation of duties
PR.IP-1: A baseline configuration of information technology/industrial control systems is created and maintained incorporating security principles (e.g. concept of least functionality)",AMI,ami.csv,,88,"PR.AC-4: Access permissions and authorizations are managed, incorporating the principles of least privilege and separation of duties
PR.IP-1: A baseline configuration of information technology/industrial control systems is created and maintained incorporating security principles (e.g. concept of least functionality)",PR,,
11.0,Spoofed Meter “Last Gasp” Messages Cause Fake Outage,"A threat agent is able to send many spoofed meter “last gasp” messages to the AMI MDMS, indicating a power outage. As more spoofed messages are sent, the grid operator tries to reconfigure the grid to compensate, causing utilities to roll trucks to determine why meters continue to be unresponsive. (Note: This is a special case of
failure scenarios AMI.14 and DR.3.)",V11A) System permits messages to be modified by unauthorized individuals in the path used to receive last gasp messages,I11A) Cost to roll trucks to investigate fake outages,M11A) Define procedures to confirm an outage when receiving an AMI last gasp outage message,PR.IP-5: Policy and regulations regarding the physical operating environment for organizational assets are met,AMI,ami.csv,,89,PR.IP-5: Policy and regulations regarding the physical operating environment for organizational assets are met,PR,,
,,,V11B) Message modified by an adversary is either difficult or infeasible to distinguish from a valid message in the path used to receive last gasp messages,I11B) Loss of revenue and creation of a customer service situation,M11B) Continue normal operations rather than responding to AMI last gasp outage messages,"PR.PT-5: Mechanisms (e.g., failsafe, load balancing, hot swap) are implemented to achieve resilience requirements in normal and adverse situations",AMI,ami.csv,,90,"PR.PT-5: Mechanisms (e.g., failsafe, load balancing, hot swap) are implemented to achieve resilience requirements in normal and adverse situations",PR,,
,,,V11C) A copy of a prior message or command is difficult or infeasible to distinguish from a new legitimate message or command in the path used to receive last gasp messages,I11C) Loss of confidence by customers due to visible attempts to repair non-existent problems. This may lead to reduced customer acceptance of advanced programs such as DR,M11C) Verify load at substation and line level to verify reduced demand associated with meters reporting last gasp messages,"PR.DS-6: Integrity checking mechanisms are used to verify software, firmware, and information integrity
",AMI,ami.csv,,91,"PR.DS-6: Integrity checking mechanisms are used to verify software, firmware, and information integrity
",PR,,
,,,,I11D) Loss of true system state visibility,M11D) Authenticate messages that report last gasp messages from a meter,"PR.DS-2: Data-in-transit is protected
PR.DS-6: Integrity checking mechanisms are used to verify software, firmware, and information integrity",AMI,ami.csv,,92,"PR.DS-2: Data-in-transit is protected
PR.DS-6: Integrity checking mechanisms are used to verify software, firmware, and information integrity",PR,,
,,,,,M11E) Encrypt communication paths for last gasp messages,"PR.PT-4: Communications and control networks are protected
PR.DS-2: Data-in-transit is protected",AMI,ami.csv,,93,"PR.PT-4: Communications and control networks are protected
PR.DS-2: Data-in-transit is protected",PR,,
,,,,,"M11F) Confirm action on receipt of last gasp messages by checking that a last gasp
message is from a real meter","PR.AC-7: Users, devices, and other assets are authenticated (e.g., single-factor, multi-factor) commensurate with the risk of the transaction (e.g., individuals’ security and privacy risks and other organizational risks)",AMI,ami.csv,,94,"PR.AC-7: Users, devices, and other assets are authenticated (e.g., single-factor, multi-factor) commensurate with the risk of the transaction (e.g., individuals’ security and privacy risks and other organizational risks)",PR,,
,,,,,M11G) Protect against replay of last gasp messages,"DE.CM-7: Monitoring for unauthorized personnel, connections, devices, and software is performed
DE.DP-2: Detection activities comply with all applicable requirements",AMI,ami.csv,,95,"DE.CM-7: Monitoring for unauthorized personnel, connections, devices, and software is performed
DE.DP-2: Detection activities comply with all applicable requirements",DE,,
,,,,,M11H) Confirm action after receiving its last gasp message from a meter,PR.IP-5: Policy and regulations regarding the physical operating environment for organizational assets are met,AMI,ami.csv,,96,PR.IP-5: Policy and regulations regarding the physical operating environment for organizational assets are met,PR,,
12.0,Improper Firewall Configuration Exposes Customer Data,"A firewall rule is intentionally or unintentionally created allowing directaccess from another network. Taking advantage of this rule, a threat agent subsequently gains access to the database that receives data from the customer accounts database. This enables the threat agent to steal customer personally identifiable information, including electricity usage data",V12A) System permits unauthorized changes to the firewall,I12A) Potential for breach of customer privacy and loss of customer confidence,M12A) Detect unauthorized access between Internet and AMI consumer information,"DE.CM-7: Monitoring for unauthorized personnel, connections, devices, and software is performed",AMI,ami.csv,,97,"DE.CM-7: Monitoring for unauthorized personnel, connections, devices, and software is performed",DE,,
,,,V12B) System relies on credentials that are easy to obtain for access to the database,,M12B) Implement configuration management to reduce the likelihood that a threat agent can compromise an entire system,PR.IP-3: Configuration change control processes are in place,AMI,ami.csv,,98,PR.IP-3: Configuration change control processes are in place,PR,,
,,,V12C) Default configuration allows access that is unnecessary after the system is operational. This allows unnecessary access to the database,,M12C) Conduct penetration testing for changes to Internet-facing resources or high value targets,ID.RA-1: Asset vulnerabilities are identified and documented,AMI,ami.csv,,99,ID.RA-1: Asset vulnerabilities are identified and documented,ID,,
,,,V12D) Users lack visibility of threat activity in the AMI system,,M12D) Enforce least privilege to limit database access to authorized applications and/or locally authenticated users,"PR.AC-4: Access permissions and authorizations are managed, incorporating the principles of least privilege and separation of duties",AMI,ami.csv,,100,"PR.AC-4: Access permissions and authorizations are managed, incorporating the principles of least privilege and separation of duties",PR,,
,,,,,M12E) Protect credentials for access to the customer information database,"PR.AC-1: Identities and credentials are issued, managed, verified, revoked, and audited for authorized devices, users and processes",AMI,ami.csv,,101,"PR.AC-1: Identities and credentials are issued, managed, verified, revoked, and audited for authorized devices, users and processes",PR,,
,,,,,M12F) Create audit logs of firewall rule changes and customer database accesses,"PR.PT-1: Audit/log records are determined, documented, implemented, and reviewed in accordance with policy",AMI,ami.csv,,102,"PR.PT-1: Audit/log records are determined, documented, implemented, and reviewed in accordance with policy",PR,,
,,,,,M12G) Detect unusual patterns of database access,"DE.AE-5: Incident alert thresholds are established
DE-CM-1: The network is monitored to detect potential cybersecurity events",AMI,ami.csv,,103,"DE.AE-5: Incident alert thresholds are established
DE-CM-1: The network is monitored to detect potential cybersecurity events",DE,,
,,,,,M12H) Detect unauthorized configuration changes to the firewall,"DE-CM-1: The network is monitored to detect potential cybersecurity events
PR.IP-3: Configuration change control processes are in place",AMI,ami.csv,,104,"DE-CM-1: The network is monitored to detect potential cybersecurity events
PR.IP-3: Configuration change control processes are in place",DE,,
,,,,,M12I) Require strong passwords for access to the customer information database,"PR.AC-7: Users, devices, and other assets are authenticated (e.g., single-factor, multi-factor) commensurate with the risk of the transaction (e.g., individuals’ security and privacy risks and other organizational risks)",AMI,ami.csv,,105,"PR.AC-7: Users, devices, and other assets are authenticated (e.g., single-factor, multi-factor) commensurate with the risk of the transaction (e.g., individuals’ security and privacy risks and other organizational risks)",PR,,
,,,,,"M12J) Require multi-factor authentication for access to the customer information
database","PR.AC-7: Users, devices, and other assets are authenticated (e.g., single-factor, multi-factor) commensurate with the risk of the transaction (e.g., individuals’ security and privacy risks and other organizational risks)",AMI,ami.csv,,106,"PR.AC-7: Users, devices, and other assets are authenticated (e.g., single-factor, multi-factor) commensurate with the risk of the transaction (e.g., individuals’ security and privacy risks and other organizational risks)",PR,,
13.0,Authorized User uses Unattended Console to Disconnect Customer,An authorized user gains physical access to the operations room and subsequently an unattended console. The authorized user then disconnects service to a customer’s house,V13A) System permits bypass of access control mechanisms* when the user has physical access to the console,I13A) Unexpected power outage for a single customer,M13A) Restrict physical access to operations room with sensitive consoles,PR.AC-2: Physical access to assets is managed and protected,AMI,ami.csv,,107,PR.AC-2: Physical access to assets is managed and protected,PR,,
,,,V13B) Physical access may be obtained by unauthorized individuals at an unattended user console,,M13B) Train personnel regarding need to lock unattended consoles,PR.AT-1: All users are informed and trained ,AMI,ami.csv,,108,PR.AT-1: All users are informed and trained ,PR,,
,,,V13C) Workforce may be unaware of recommended precautions when leaving consoles unattended and unlocked,,M13C) Require video surveillance for operations rooms containing sensitive user consoles,DE.CM-2: The physical environment is monitored to detect potential cybersecurity events,AMI,ami.csv,,109,DE.CM-2: The physical environment is monitored to detect potential cybersecurity events,DE,,
,,,,,M13D) Lock workstations when unattended,"PR.AC-2: Physical access to assets is managed and protected
PR.AC-7: Users, devices, and other assets are authenticated (e.g., single-factor, multi-factor) commensurate with the risk of the transaction (e.g., individuals’ security and privacy risks and other organizational risks)",AMI,ami.csv,,110,"PR.AC-2: Physical access to assets is managed and protected
PR.AC-7: Users, devices, and other assets are authenticated (e.g., single-factor, multi-factor) commensurate with the risk of the transaction (e.g., individuals’ security and privacy risks and other organizational risks)",PR,,
,,,,,M13E) Confirm action by requiring approval for some actions in the user interface design,PR.IP-3: Configuration change control processes are in place,AMI,ami.csv,,111,PR.IP-3: Configuration change control processes are in place,PR,,
,,,,,M13F) Lock workstation for inactivity on non-safety-critical consoles,"PR.AC-2: Physical access to assets is managed and protected
PR.AC-7: Users, devices, and other assets are authenticated (e.g., single-factor, multi-factor) commensurate with the risk of the transaction (e.g., individuals’ security and privacy risks and other organizational risks)",AMI,ami.csv,,112,"PR.AC-2: Physical access to assets is managed and protected
PR.AC-7: Users, devices, and other assets are authenticated (e.g., single-factor, multi-factor) commensurate with the risk of the transaction (e.g., individuals’ security and privacy risks and other organizational risks)",PR,,
,,,,,M13G) Cross check physical access identification with system identification to detect failure scenarios such as a threat agent using Person A’s badge to access a physical console and subsequently logging into a system using Person B’s credentials,"DE.CM-7: Monitoring for unauthorized personnel, connections, devices, and software is performed
DE.AE-3: Event data are collected and correlated from multiple sources and sensors",AMI,ami.csv,,113,"DE.CM-7: Monitoring for unauthorized personnel, connections, devices, and software is performed
DE.AE-3: Event data are collected and correlated from multiple sources and sensors",DE,,
,,,,,M13H) Require second-level authentication to the application interface to initiate customer disconnect,"PR.AC-7: Users, devices, and other assets are authenticated (e.g., single-factor, multi-factor) commensurate with the risk of the transaction (e.g., individuals’ security and privacy risks and other organizational risks)",AMI,ami.csv,,114,"PR.AC-7: Users, devices, and other assets are authenticated (e.g., single-factor, multi-factor) commensurate with the risk of the transaction (e.g., individuals’ security and privacy risks and other organizational risks)",PR,,
14.0,Breach of Cellular Provider’s Network Exposes AMI Access,"A cellular phone provider’s network is breached, allowing access to a private network leased to a utility for AMI command and control. The AMI implementation is vulnerable to replay attacks and DR  messages are replayed to a group of customers. (Note: This is a special case of failure scenario DR.3.)","V14A) Publicly accessible and/or third party controlled links used (e.g., commercial mobile, utility leased)",I14A) Costs of customer service for complaints and investigations,M14A) Isolate networks using different encryption keys to prevent a breach in one network from affecting another network,"PR.AC-5: Network integrity is protected (e.g., network segregation, network segmentation)",AMI,ami.csv,,115,"PR.AC-5: Network integrity is protected (e.g., network segregation, network segmentation)",PR,,
,,,V14B) Cryptography used that employs algorithms that are breakable within a time period useful to the adversary,I14B) Loss of revenue (if DR messages decrease power draw) or temporary loss of power to more critical uses (if messages increase power draw),M14B) Require approved cryptographic algorithms at the link layer to prevent a threat agent from being able to affect the confidentiality and integrity on the AMI network if a breach should occur,"PR.DS-2: Data-in-transit is protected
PR.PT-4: Communications and control networks are protected
",AMI,ami.csv,,116,"PR.DS-2: Data-in-transit is protected
PR.PT-4: Communications and control networks are protected
",PR,,
,,,V14C) A copy of a prior message or command is difficult or infeasible to distinguish from a new legitimate message or command in the AMI system,I14C) Cost to re-secure the network,"M14C) Protect against replay using time-stamping, or other methods","DE.CM-7: Monitoring for unauthorized personnel, connections, devices, and software is performed
DE.DP-2: Detection activities comply with all applicable requirements",AMI,ami.csv,,117,"DE.CM-7: Monitoring for unauthorized personnel, connections, devices, and software is performed
DE.DP-2: Detection activities comply with all applicable requirements",DE,,
15.0,Inadequate Security for Backup AMI Enables Malicious Activity,"Inadequate security implementation in the AMI monitoring and control backup system allows a threat agent to execute an attack on the AMI implementation during a business continuity or disaster recovery scenario. Access to these backup systems allows a threat agent to perform malicious activity such as mass disconnects of meters, stopping or modifying DR messages, or creating large numbers of problem meter reports",V15A) Weaker security architecture at backup sites,I15A) Power and revenue loss for disconnected customers,M15A) Restrict physical access for backup sites comparable to normal operational sites,"PR.AC-2: Physical access to assets is managed and protected

",AMI,ami.csv,,118,"PR.AC-2: Physical access to assets is managed and protected

",PR,,
,,,V15B) Inadequate continuity and recovery security architecture used in business continuity and disaster recovery planning and procedures,I15B) Outages due to inadequate power available at peak times,M15B) Require video surveillance for backup sites comparable to normal operational sites,DE.CM-2: The physical environment is monitored to detect potential cybersecurity events,AMI,ami.csv,,119,DE.CM-2: The physical environment is monitored to detect potential cybersecurity events,DE,,
,,,,I15C) Cost for rolling trucks to investigate problem meters,M15C) Detect physical intrusion for backup sites comparable to normal operational sites,DE.CM-2: The physical environment is monitored to detect potential cybersecurity events,AMI,ami.csv,,120,DE.CM-2: The physical environment is monitored to detect potential cybersecurity events,DE,,
,,,,I15D) Additional operational strain on the utility during a business continuity/disaster recovery situation,"M15D) Emphasize security management in business continuity and disaster recovery planning, procedures, and execution",PR.IP-9: Response plans (Incident Response and Business Continuity) and recovery plans (Incident Recovery and Disaster Recovery) are in place and managed,AMI,ami.csv,,121,PR.IP-9: Response plans (Incident Response and Business Continuity) and recovery plans (Incident Recovery and Disaster Recovery) are in place and managed,PR,,
,,,,,"M15E) Define policy to include risk and vulnerability assessments in business continuity
and disaster recovery testing",ID.GV-4: Governance and risk management processes address cybersecurity risks,AMI,ami.csv,,122,ID.GV-4: Governance and risk management processes address cybersecurity risks,ID,,
16.0,Compromised Headend Allows Impersonation of CA,"The private key for the certificate authority (CA) used to set up a Public Key Infrastructure (PKI) at the headend is compromised, which allows a threat agent to impersonate the CA",V16A) Cryptography used that employs algorithms that are breakable within a time period useful to the adversary for protection of the private CA key,I16A) Costs incurred for rekeying,"M16A) Require approved key management including secure generation, distribution, storage, and update of cryptographic keys","PR.DS-1: Data-at-rest is protected
PR.DS-2: Data-in-transit is protected",AMI,ami.csv,,123,"PR.DS-1: Data-at-rest is protected
PR.DS-2: Data-in-transit is protected",PR,,
,,,V16B) Security design does not consider the system lifecycle in the headend,I16B) Potential for power overload if the threat agent is able to introduce malicious nodes in the metering system,,,AMI,ami.csv,,124,nan,,,
,,,,"I16C) Potential to perform security-relevant tasks such as firmware upgrades, configuration changes, etc. that are initiated from the CA",,,AMI,ami.csv,,125,nan,,,
17.0,Malicious Creation of Duplicate APN Prevents Valid AMI Messages,A malicious individual creates a duplicate Access Point Name (APN) for the Group Special Mobile (GSM)-based cellular communications on an AMI network. The meters that are within the range then associate with the fake APN and do not receive messages from the AMI network,V17A) System permits unauthorized changes in the routing mechanisms of the cellular network,I17A) Denial of Service for cellular-based functions within the AMI network,M17A) Verify mode of GSM-based communications for AMI operate only in 3G mode,DE.AE-1: A baseline of network operations and expected data flows for users and systems is established and managed,AMI,ami.csv,,126,DE.AE-1: A baseline of network operations and expected data flows for users and systems is established and managed,DE,,
,,,V17B) System relies on credentials that are easy to obtain for access for reconfiguration of the AMI network,I17AB) Cost to roll a truck to investigate unresponsive meter and to read meter data,M17B) Require fail-over for cellular-based functions fail over to an alternative nonwireless technology such as power line carrier (PLC),"PR.PT-5: Mechanisms (e.g., failsafe, load balancing, hot swap) are implemented to achieve resilience requirements in normal and adverse situations",AMI,ami.csv,,127,"PR.PT-5: Mechanisms (e.g., failsafe, load balancing, hot swap) are implemented to achieve resilience requirements in normal and adverse situations",PR,,
,,,,I17C) Inability for meters to receive DR messages could cause customers to either pay more for power or experience a loss of power,M17C) Protect credentials for modifying the configuration of the AMI network,"PR.AC-1: Identities and credentials are issued, managed, verified, revoked, and audited for authorized devices, users and processes",AMI,ami.csv,,128,"PR.AC-1: Identities and credentials are issued, managed, verified, revoked, and audited for authorized devices, users and processes",PR,,
,,,,"I17D) If exploited on a large scale, potential outages could occur due to a utility’s inability to implement DR",M17D) Require strong passwords for modifying the configuration of the AMI network,"PR.AC-7: Users, devices, and other assets are authenticated (e.g., single-factor, multi-factor) commensurate with the risk of the transaction (e.g., individuals’ security and privacy risks and other organizational risks)",AMI,ami.csv,,129,"PR.AC-7: Users, devices, and other assets are authenticated (e.g., single-factor, multi-factor) commensurate with the risk of the transaction (e.g., individuals’ security and privacy risks and other organizational risks)",PR,,
,,,,,M17E) Require multi-factor authentication for modifying the configuration of the AMI network,"PR.AC-7: Users, devices, and other assets are authenticated (e.g., single-factor, multi-factor) commensurate with the risk of the transaction (e.g., individuals’ security and privacy risks and other organizational risks)",AMI,ami.csv,,130,"PR.AC-7: Users, devices, and other assets are authenticated (e.g., single-factor, multi-factor) commensurate with the risk of the transaction (e.g., individuals’ security and privacy risks and other organizational risks)",PR,,
,,,,,M17F) Detect unusual patterns of traffic on the AMI cellular network,"DE.AE-5: Incident alert thresholds are established
DE.CM-1: The network is monitored to detect potential cybersecurity events


",AMI,ami.csv,,131,"DE.AE-5: Incident alert thresholds are established
DE.CM-1: The network is monitored to detect potential cybersecurity events


",DE,,
18.0,Unauthorized Devices Create DoS and Prevent Valid DR Messages,Unauthorized devices gain access to a home area network (HAN). The devices can then be used to create a Denial-of-Service (DoS) condition so that DR messages cannot reach end customer devices.,V18A) System relies on credentials that are easy to obtain for access to the HAN,I18A) Inability to receive DR messages may cause affected customers to either pay more for power or to suffer a loss of usage of a device requiring power,M18A) Restrict device access to the HAN network,PR.AC-3: Remote access is managed,AMI,ami.csv,,132,PR.AC-3: Remote access is managed,PR,,
,,,V18A) Network interfaces permit unnecessary traffic flows instead of only flows to the HAN router/gateway/trust center,I18B) Utility will have associated customer service and troubleshooting costs,M18B) Authenticate devices accessing the HAN network,"PR.AC-7: Users, devices, and other assets are authenticated (e.g., single-factor, multi-factor) commensurate with the risk of the transaction (e.g., individuals’ security and privacy risks and other organizational risks)
",AMI,ami.csv,,133,"PR.AC-7: Users, devices, and other assets are authenticated (e.g., single-factor, multi-factor) commensurate with the risk of the transaction (e.g., individuals’ security and privacy risks and other organizational risks)
",PR,,
,,,,"I18C) If exploited on a large scale, potential outages could occur due to utility inability to implement DR ",,,AMI,ami.csv,,134,nan,,,
19.0,"Out of Sync Time-stamping Causes Discard of Legitimate
Commands","Time-stamping, sometimes used to detect replay attacks, gets out of sync between a meter and its respective AMI headend system, causing the meter to ignore legitimate commands it interprets as a potential replay attack. This causes loss of  advanced metering functionality such as two-way communications, remote connect/disconnect, and metrology",V19A) A copy of a prior message or command is difficult or infeasible to distinguish from a new legitimate message or command for meter commands from the AMI headend,"I19A) Higher cost, or no cost savings, to read meter data if remote reading fails",M19A) Require reliable external time source for the meter’s time-stamping functionality,"PR.DS-6: Integrity checking mechanisms are used to verify software, firmware, and information integrity",AMI,ami.csv,,135,"PR.DS-6: Integrity checking mechanisms are used to verify software, firmware, and information integrity",PR,,
,,,V19B) System permits unauthorized changes to the time synchronization between meters and the AMI headend,"I19B) If exploited on a large scale, outages could occur due to utility inability to implement DR","M19B) Cross check periodically, the results of the time synchronization protocol","PR.DS-6: Integrity checking mechanisms are used to verify software, firmware, and information integrity",AMI,ami.csv,,136,"PR.DS-6: Integrity checking mechanisms are used to verify software, firmware, and information integrity",PR,,
,,,V19C) System permits unauthorized changes to timestamps on meter commands from the AMI headend,"I19C) Cost of associated customer service, late invoicing, and troubleshooting efforts","M19C) Check software execution integrity of the time synchronization protocol, since software may be compromised when loaded for execution","PR.DS-6: Integrity checking mechanisms are used to verify software, firmware, and information integrity",AMI,ami.csv,,137,"PR.DS-6: Integrity checking mechanisms are used to verify software, firmware, and information integrity",PR,,
,,,,,M19D) Verify time synchronization in the time synchronization protocol,"PR.DS-6: Integrity checking mechanisms are used to verify software, firmware, and information integrity",AMI,ami.csv,,138,"PR.DS-6: Integrity checking mechanisms are used to verify software, firmware, and information integrity",PR,,
,,,,,M19E) Protect against replay using session tokens,"DE.CM-7: Monitoring for unauthorized personnel, connections, devices, and software is performed
DE.DP-2: Detection activities comply with all applicable requirements",AMI,ami.csv,,139,"DE.CM-7: Monitoring for unauthorized personnel, connections, devices, and software is performed
DE.DP-2: Detection activities comply with all applicable requirements",DE,,
20.0,Independent Energy Generator Causes Lower time-of use (TOU) Pricing,An independent energy generator bribes an AMI operator to lower TOU pricing to increase demand,V20A) System permits unauthorized changes to the TOU pricing implementation,I20A) Utility may lose revenue due to lower prices charged customers at a large volume,M20A) Create audit logs to record TOU pricing changes,"PR.PT-1: Audit/log records are determined, documented, implemented, and reviewed in accordance with policy",AMI,ami.csv,,140,"PR.PT-1: Audit/log records are determined, documented, implemented, and reviewed in accordance with policy",PR,,
,,,,,M20B) Require two-person rule for major changes,"PR.AC-4: Access permissions and authorizations are managed, incorporating the principles of least privilege and separation of duties
PR.IP-1: A baseline configuration of information technology/industrial control systems is created and maintained incorporating security principles (e.g. concept of least functionality)",AMI,ami.csv,,141,"PR.AC-4: Access permissions and authorizations are managed, incorporating the principles of least privilege and separation of duties
PR.IP-1: A baseline configuration of information technology/industrial control systems is created and maintained incorporating security principles (e.g. concept of least functionality)",PR,,
,,,,,M20C) Implement configuration management to reduce the likelihood that one person can implement a change that impacts the entire system,"PR.IP-3: Configuration change control processes are in place
PR.AC-4: Access permissions and authorizations are managed, incorporating the principles of least privilege and separation of duties",AMI,ami.csv,,142,"PR.IP-3: Configuration change control processes are in place
PR.AC-4: Access permissions and authorizations are managed, incorporating the principles of least privilege and separation of duties",PR,,
21.0,Stolen Field Service Tools Expose AMI Infrastructure,"A utility’s field service laptop and optical probe are lost or stolen, exposing the software to control components of the AMI infrastructure (e.g., meters and concentrators) to any user","V21A) Physical access to mobile devices may enable logical access to business functions by unauthorized individuals* to software components of the AMI
infrastructure","I21A) Potential for unexpected and perhaps intermittent power loss for a targeted
customer or for a large number of customers, and associated revenue loss for a
utility",M21A) Configure for least functionality on the field service laptop,PR.PT-3: The principle of least functionality is incorporated by configuring systems to provide only essential capabilities,AMI,ami.csv,,143,PR.PT-3: The principle of least functionality is incorporated by configuring systems to provide only essential capabilities,PR,,
,,,,I21B) Impact may continue even after the laptop is retrieved if a copy of the laptop’s OS and/or applications can be exfiltrated or recreated by the threat agent,M21B) Encrypt data at rest on the field service equipment laptop,PR.DS-1: Data-at-rest is protected,AMI,ami.csv,,144,PR.DS-1: Data-at-rest is protected,PR,,
,,,,,M21C) Track asset (phone home) for the field service equipment laptop,ID.AM-1: Physical devices and systems within the organization are inventoried,AMI,ami.csv,,145,ID.AM-1: Physical devices and systems within the organization are inventoried,ID,,
,,,,,M21D) Require credential revocation for laptops,"PR.AC-1: Identities and credentials are issued, managed, verified, revoked, and audited for authorized devices, users and processes",AMI,ami.csv,,146,"PR.AC-1: Identities and credentials are issued, managed, verified, revoked, and audited for authorized devices, users and processes",PR,,
,,,,,M21E) Sanitize device with remote wipe capability for lost field assets,PR.IP-6: Data is destroyed according to policy,AMI,ami.csv,,147,PR.IP-6: Data is destroyed according to policy,PR,,
22.0,Wireless Access to AMI Administration Causes Invalid Disconnect,A threat agent gains wireless access to a web-based administration page on an AMI device that controls the ability to disconnect power from the device,"V22A) System permits wireless access by unauthorized parties* to the wireless network
used to control an AMI device",I22A) Unexpected power loss for the customer,M22A) Require multi-factor authentication for privileged functionality,"PR.AC-7: Users, devices, and other assets are authenticated (e.g., single-factor, multi-factor) commensurate with the risk of the transaction (e.g., individuals’ security and privacy risks and other organizational risks)",AMI,ami.csv,,148,"PR.AC-7: Users, devices, and other assets are authenticated (e.g., single-factor, multi-factor) commensurate with the risk of the transaction (e.g., individuals’ security and privacy risks and other organizational risks)",PR,,
,,,V22B) System relies on credentials that are easy to obtain for access to the web-based administration page used to control an AMI device,,M22B) Restrict application access to web-based administration,"PR.AC-4: Access permissions and authorizations are managed, incorporating the principles of least privilege and separation of duties",AMI,ami.csv,,149,"PR.AC-4: Access permissions and authorizations are managed, incorporating the principles of least privilege and separation of duties",PR,,
,,,,,M22C) Require approved cryptographic algorithms to protect the wireless network,"PR.DS-2: Data-in-transit is protected
PR.PT-4: Communications and control networks are protected
",AMI,ami.csv,,150,"PR.DS-2: Data-in-transit is protected
PR.PT-4: Communications and control networks are protected
",PR,,
23.0,"Meter Authentication Credentials are Compromised and Posted on
Internet","A utility deploys all AMI devices with the same authentication credentials granting privileged access via the local infra-red port, and the credentials are compromised and posted on the Internet",V23A) System relies on credentials that are easy to obtain for access to AMI devices (hardcoded passwords),"I23A) Potential for unexpected and perhaps intermittent power loss for a targeted customer or for a large number of customers, and associated revenue loss for a utility",M23A) Require multi-factor authentication for privileged functionality,"PR.AC-7: Users, devices, and other assets are authenticated (e.g., single-factor, multi-factor) commensurate with the risk of the transaction (e.g., individuals’ security and privacy risks and other organizational risks)",AMI,ami.csv,,151,"PR.AC-7: Users, devices, and other assets are authenticated (e.g., single-factor, multi-factor) commensurate with the risk of the transaction (e.g., individuals’ security and privacy risks and other organizational risks)",PR,,
,,,V23B) Shared credentials are used for access to AMI devices,,M23B) Verify absence of hardcoded credentials on AMI equipment,"PR.AC-1: Identities and credentials are issued, managed, verified, revoked, and audited for authorized devices, users and processes",AMI,ami.csv,,152,"PR.AC-1: Identities and credentials are issued, managed, verified, revoked, and audited for authorized devices, users and processes",PR,,
,,,,,M23C) Require password rule enforcement including rule that limits sharing of a password by many meters,"PR.AC-1: Identities and credentials are issued, managed, verified, revoked, and audited for authorized devices, users and processes",AMI,ami.csv,,153,"PR.AC-1: Identities and credentials are issued, managed, verified, revoked, and audited for authorized devices, users and processes",PR,,
24.0,Weak Cryptography Exposes AMI Device Communication,"An AMI vendor implements weak cryptography that is easy to crack, allowing access to and modification of configuration or data on that interface.",V24A) Cryptography used that employs algorithms that are breakable within a time period useful to the adversary to control access to configuration or data in AMI implementation,"I24A) Cost to upgrade or to replace all devices, if upgrade is not feasible. This impact is expected whether or not a threat agent ever uses this vulnerability to launch an attack",M24A) Require approved cryptographic algorithms,"PR.DS-2: Data-in-transit is protected
",AMI,ami.csv,,154,"PR.DS-2: Data-in-transit is protected
",PR,,
,,,,"I24B) Loss of customers’ private information, and associated costs",M24B) Define procedure in change and configuration management policies and procedures to allow future cryptographic changes,"PR.IP-3: Configuration change control processes are in place
",AMI,ami.csv,,155,"PR.IP-3: Configuration change control processes are in place
",PR,,
,,,,"I24C) Mass disconnect of meters potentially causing circuit breaker trips, resulting in
temporary outages until power on the grid can be rebalanced","M24C) Define procedure to include security, including cryptography, in the purchasing process",ID.SC-3: Contracts with suppliers and third-party partners are used to implement appropriate measures designed to meet the objectives of an organization’s cybersecurity program and Cyber Supply Chain Risk Management Plan.,AMI,ami.csv,,156,ID.SC-3: Contracts with suppliers and third-party partners are used to implement appropriate measures designed to meet the objectives of an organization’s cybersecurity program and Cyber Supply Chain Risk Management Plan.,ID,,
,,,,,M24D) Perform security testing of security controls during system acceptance testing,PR.IP-2: A System Development Life Cycle to manage systems is implemented,AMI,ami.csv,,157,PR.IP-2: A System Development Life Cycle to manage systems is implemented,PR,,
25.0,Known but Unpatched Vulnerability Exposes AMI Infrastructure,A threat agent is able to gain access to the AMI system by exploiting a known vulnerability that has not yet been patched. The threat agent is unable to access the AMI applications but can access other AMI devices and the headend system,V25A) Software patches are not checked regularly to ensure that they are current in the AMI devices and headend system,"I25A) Access to an AMI headend, via an unpatched firewall and operating system for
example, could permit a threat agent to shut down the AMI headend","M25A) Maintain patches including a severity rating (e.g., critical, important, moderate, low) and timeframes for patching vulnerabilities based on severity","PR.MA-1: Maintenance and repair of organizational assets are performed and logged, with approved and controlled tools
PR.IP-12: A vulnerability management plan is developed and implemented
RS.MI-3: Newly identified vulnerabilities are mitigated or documented as accepted risks",AMI,ami.csv,,158,"PR.MA-1: Maintenance and repair of organizational assets are performed and logged, with approved and controlled tools
PR.IP-12: A vulnerability management plan is developed and implemented
RS.MI-3: Newly identified vulnerabilities are mitigated or documented as accepted risks",PR,,
,,,,"I25B) Outages caused by an AMI headend shut down due to the utility’s inability to
implement DR at peak times",M25B) Detect unauthorized access in network traffic to the AMI headend servers,"DE.CM-7: Monitoring for unauthorized personnel, connections, devices, and software is performed",AMI,ami.csv,,159,"DE.CM-7: Monitoring for unauthorized personnel, connections, devices, and software is performed",DE,,
,,,,I25C) Customer service and troubleshooting costs,M25C) Generate alarms for unauthorized access to the AMI headend servers,"DE.AE-5: Incident alert thresholds are established
DE.CM-1: The network is monitored to detect potential cybersecurity events",AMI,ami.csv,,160,"DE.AE-5: Incident alert thresholds are established
DE.CM-1: The network is monitored to detect potential cybersecurity events",DE,,
,,,,,M25D) Restrict network access to the AMI headend servers,"PR.AC-4: Access permissions and authorizations are managed, incorporating the principles of least privilege and separation of duties
PR.AC-3: Remote access is managed",AMI,ami.csv,,161,"PR.AC-4: Access permissions and authorizations are managed, incorporating the principles of least privilege and separation of duties
PR.AC-3: Remote access is managed",PR,,
,,,,,"M25E) Define procedures for equipment purchase, to ensure timely availability of
validated security updates from vendor","ID.SC-3: Contracts with suppliers and third-party partners are used to implement appropriate measures designed to meet the objectives of an organization’s cybersecurity program and Cyber Supply Chain Risk Management Plan
PR.MA-2: Remote maintenance of organizational assets is approved, logged, and performed in a manner that prevents unauthorized access",AMI,ami.csv,,162,"ID.SC-3: Contracts with suppliers and third-party partners are used to implement appropriate measures designed to meet the objectives of an organization’s cybersecurity program and Cyber Supply Chain Risk Management Plan
PR.MA-2: Remote maintenance of organizational assets is approved, logged, and performed in a manner that prevents unauthorized access",ID,,
,,,,,M25F) Perform security testing to validate that the system as purchased is current with respect to security updates,"ID.SC-2: Suppliers and third party partners of information systems, components, and services are identified, prioritized, and assessed using a cyber supply chain risk assessment process ",AMI,ami.csv,,163,"ID.SC-2: Suppliers and third party partners of information systems, components, and services are identified, prioritized, and assessed using a cyber supply chain risk assessment process ",ID,,
26.0,AMI Billing Cards are Compromised Incurring Loss of Revenue,"The smart cards or magnetic cards for AMI billing are compromised. Example compromises include tampering with cards to change the credit amount, erasing the logic that decrements the credit amount remaining, or forging cards",V26A) System assumes data inputs and resulting calculations are accurate on smartcards inserted into a meter,I26A) Loss of revenue,M26A) Design for security in the payment system,PR.IP-1: A baseline configuration of information technology/industrial control systems is created and maintained incorporating security principles (e.g. concept of least functionality),AMI,ami.csv,,164,PR.IP-1: A baseline configuration of information technology/industrial control systems is created and maintained incorporating security principles (e.g. concept of least functionality),PR,,
,,,V26B) System permits unauthorized changes to AMI billing information on smartcards,,M26B) Check software file integrity (digital signatures or keyed hashes) to the card contents,"PR.DS-6: Integrity checking mechanisms are used to verify software, firmware, and information integrity",AMI,ami.csv,,165,"PR.DS-6: Integrity checking mechanisms are used to verify software, firmware, and information integrity",PR,,
,,,,,"M26C) Authenticate data source i.e., smart cards or magnetic cards for AMI billing","PR.AC-7: Users, devices, and other assets are authenticated (e.g., single-factor, multi-factor) commensurate with the risk of the transaction (e.g., individuals’ security and privacy risks and other organizational risks)",AMI,ami.csv,,166,"PR.AC-7: Users, devices, and other assets are authenticated (e.g., single-factor, multi-factor) commensurate with the risk of the transaction (e.g., individuals’ security and privacy risks and other organizational risks)",PR,,
,,,,,M26D) Perform security testing as a part of system acceptance testing,"PR.IP-2: A System Development Life Cycle to manage systems is implemented
ID.RA-1: Asset vulnerabilities are identified and documented",AMI,ami.csv,,167,"PR.IP-2: A System Development Life Cycle to manage systems is implemented
ID.RA-1: Asset vulnerabilities are identified and documented",PR,,
27.0,Reverse Engineering of AMI Equipment Allows Unauthorized Mass,"A threat agent is able to reverse engineer AMI equipment (meters and concentrators) to determine how to remotely control them. This allows the threat agent to control many devices simultaneously, and, for example, to perform a simultaneous mass disconnect, send DR messages that cause consumption of electricity to go up dramatically, or cause devices to send out last gasp or self-test failed messages","V27A) Design permits unnecessary privileges*, such as unprotected interfaces used for development, testing, monitoring, or maintenance purposes that remain in production equipment","I27A) When demand can be manipulated quickly by a threat agent, there is the potential for outages while operators adjust generation to demand",M27A) Design for security to identify and remove unsecure development features and “nonstandard” interfaces from “production devices”,PR.IP-1: A baseline configuration of information technology/industrial control systems is created and maintained incorporating security principles (e.g. concept of least functionality),AMI,ami.csv,,168,PR.IP-1: A baseline configuration of information technology/industrial control systems is created and maintained incorporating security principles (e.g. concept of least functionality),PR,,
,,,V27B) Back doors for access are left in place for AMI equipment,"I27B) Faked failure messages cause the utility to assume the cost of investigation and deploying technicians to resolve issues, as well as cost of their inability to address real problem meters due to the false event “noise.”",M27B) Design for security in equipment such that knowledge of the design alone should not allow a threat agent to access a device without knowledge of keys and other credentials in equipment devices,PR.IP-1: A baseline configuration of information technology/industrial control systems is created and maintained incorporating security principles (e.g. concept of least functionality),AMI,ami.csv,,169,PR.IP-1: A baseline configuration of information technology/industrial control systems is created and maintained incorporating security principles (e.g. concept of least functionality),PR,,
,,,,,M27C) Configure for least functionality by removing unnecessary interfaces and labeling from production devices,"PR.PT-3: The principle of least functionality is incorporated by configuring systems to provide only essential capabilities
",AMI,ami.csv,,170,"PR.PT-3: The principle of least functionality is incorporated by configuring systems to provide only essential capabilities
",PR,,
28.0,Failed Patching Causes AMI Devices to Stop Operating,"A utility attempts to patch the AMI devices, but fails. Many AMI devices are no longer able to operate due to the failed patching pr",V28A) Software patches may be applied without verifying continued system operation in the realistic environment of a large footprint operation,I28A) Cost to utility to repair or replace devices,M28A) Require fail-safe rollback for the patching process,"PR.PT-5: Mechanisms (e.g., failsafe, load balancing, hot swap) are implemented to achieve resilience requirements in normal and adverse situations",AMI,ami.csv,,171,"PR.PT-5: Mechanisms (e.g., failsafe, load balancing, hot swap) are implemented to achieve resilience requirements in normal and adverse situations",PR,,
,,,,"I28B) Lack of capability to invoice customers, causing temporary financial loss",M28B) Test before installation to troubleshoot problems by testing a (non-production) set of meters prior to applying patches to production units,"PR.DS-7: The development and testing environment(s) are separate from the production environment
PR.IP-2: A System Development Life Cycle to manage systems is implemented",AMI,ami.csv,,172,"PR.DS-7: The development and testing environment(s) are separate from the production environment
PR.IP-2: A System Development Life Cycle to manage systems is implemented",PR,,
,,,,"I28C) Loss of capability to perform DR, which may cause outages during periods of peak use",,,AMI,ami.csv,,173,nan,,,
,,,,I28D) Cost of handling customer service situation,,,AMI,ami.csv,,174,nan,,,
29.0,"Unauthorized Device Acquires HAN Access and Steals Private
Information",An unauthorized device gains access to the HAN and uses the web interface to obtain private information. Examples of such information are patterns of energy usage and the presence of medical devices,V29A) System relies on credentials that are easy to obtain for access to the HAN,I29A) Privacy violations for customers,M29A) Require approved cryptographic algorithms for protection of the HAN,"PR.DS-2: Data-in-transit is protected
PR.PT-4: Communications and control networks are protected
",AMI,ami.csv,,175,"PR.DS-2: Data-in-transit is protected
PR.PT-4: Communications and control networks are protected
",PR,,
,,,,"I29B) Loss of public confidence in AMI, even if the utility is not held legally responsible for the privacy violations",M29B) Require multi-factor authentication for access to the HAN,"PR.AC-7: Users, devices, and other assets are authenticated (e.g., single-factor, multi-factor) commensurate with the risk of the transaction (e.g., individuals’ security and privacy risks and other organizational risks)",AMI,ami.csv,,176,"PR.AC-7: Users, devices, and other assets are authenticated (e.g., single-factor, multi-factor) commensurate with the risk of the transaction (e.g., individuals’ security and privacy risks and other organizational risks)",PR,,
,,,,I29C) Costs of privacy breach notification if required of the utility,M29C) Minimize private information in HAN systems and devices,PR.PT-3: The principle of least functionality is incorporated by configuring systems to provide only essential capabilities,AMI,ami.csv,,177,PR.PT-3: The principle of least functionality is incorporated by configuring systems to provide only essential capabilities,PR,,
30.0,Threat Agent Performs Unauthorized Firmware Alteration,"A threat agent installs rogue firmware on multiple smart meters, bypassing any protection mechanism (e.g., checksums, signatures) and fully controlling smart meter behavior. This might be achieved via direct access to meters, via interception/modification of legitimate meter updates or via access to the headend",V30A) System relies on credentials that are easy to obtain for access to install firmware on the meter,I30A) Continuous loss of revenue for utility if modified firmware understates usage (impact scales as more meters are affected),"M30A) Detect unusual patterns of energy usage on smart meters (all utilities have some type of revenue protection scheme, but these may not be sufficient)","DE.AE-5: Incident alert thresholds are established
DE.AE-1: A baseline of network operations and expected data flows for users and systems is established and managed
DE.CM-1: The network is monitored to detect potential cybersecurity events
",AMI,ami.csv,,178,"DE.AE-5: Incident alert thresholds are established
DE.AE-1: A baseline of network operations and expected data flows for users and systems is established and managed
DE.CM-1: The network is monitored to detect potential cybersecurity events
",DE,,
,,,V30B) System permits installation of malware* on a meter,"I30B) Truck rolls needed to investigate compromised meter failure or nonresponsive
meters",M30B) Require multi-factor authentication for firmware updates,"PR.AC-7: Users, devices, and other assets are authenticated (e.g., single-factor, multi-factor) commensurate with the risk of the transaction (e.g., individuals’ security and privacy risks and other organizational risks)",AMI,ami.csv,,179,"PR.AC-7: Users, devices, and other assets are authenticated (e.g., single-factor, multi-factor) commensurate with the risk of the transaction (e.g., individuals’ security and privacy risks and other organizational risks)",PR,,
,,,,,M30C) Check software file integrity (using digital signature or keyed hash) code files to validate firmware updates before installation,"PR.DS-6: Integrity checking mechanisms are used to verify software, firmware, and information integrity",AMI,ami.csv,,180,"PR.DS-6: Integrity checking mechanisms are used to verify software, firmware, and information integrity",PR,,
,,,,,M30D) Use Role-Based Access Control to limit privileges to install firmware,"PR.AC-4: Access permissions and authorizations are managed, incorporating the principles of least privilege and separation of duties",AMI,ami.csv,,181,"PR.AC-4: Access permissions and authorizations are managed, incorporating the principles of least privilege and separation of duties",PR,,
31.0,Rogue Firmware Enables Unauthorized Mass Remote Disconnect,"A threat agent prepares smart meter firmware containing malware and manually installs it on a target smart meter in each neighborhood. The single insertion point in each neighborhood becomes the bot master for a smart meter based botnet. The bot master acquires the IP address for the neighborhood's headend at the utility and spoofs that address. As other smart meters attempt to connect to the headend, the bot master sends a firmware update command to the smart meters and transmits the malicious firmware to each victim. Individual bots propagate the malicious firmware throughout the neighborhood and use them to achieve a mass remote disconnect scheduled at the same time","V31A) System relies on credentials that are easy to obtain for access to communicate to the meter with the privileges of the headend, such as updating meter firmware","I31A) An instantaneous mass disconnect/reconnect over multiple feeders, if permitted by the system, could cause temporary blackouts due to circuit breaker trips until power on the grid can be rebalanced",M31A) Detect anomalous commands (disconnect and reconnect commands) on the network not stemming from the normal Customer Information System (CIS) system,"DE.AE-5: Incident alert thresholds are established
DE.CM-1: The network is monitored to detect potential cybersecurity events
DE.AE-1: A baseline of network operations and expected data flows for users and systems is established and managed


",AMI,ami.csv,,182,"DE.AE-5: Incident alert thresholds are established
DE.CM-1: The network is monitored to detect potential cybersecurity events
DE.AE-1: A baseline of network operations and expected data flows for users and systems is established and managed


",DE,,
,,,"V31B) System permits unauthorized installation of software or firmware* such as the
propagation of unauthorized firmware to meters by a compromised headend
system","I31B) A small number of disconnects could subvert the smart grid deployment and
make the utility lose consumer confidence",M31B) Require multi-factor authentication for firmware updates,"PR.AC-7: Users, devices, and other assets are authenticated (e.g., single-factor, multi-factor) commensurate with the risk of the transaction (e.g., individuals’ security and privacy risks and other organizational risks)",AMI,ami.csv,,183,"PR.AC-7: Users, devices, and other assets are authenticated (e.g., single-factor, multi-factor) commensurate with the risk of the transaction (e.g., individuals’ security and privacy risks and other organizational risks)",PR,,
,,,,,"M31C) Check software file integrity (digital signature or keyed hash) on code files to
validate firmware updates before installation","PR.DS-6: Integrity checking mechanisms are used to verify software, firmware, and information integrity",AMI,ami.csv,,184,"PR.DS-6: Integrity checking mechanisms are used to verify software, firmware, and information integrity",PR,,
32.0,Power Stolen by Reconfiguring Meter via Optical Port,"Many smart meters provide the capability of re-calibrating the settings via an optical port, which is then misused by economic thieves who offer to alter the meters for a fee, changing the settings for recording power consumption and often cutting utility bills by 50-75%. This requires collusion between a knowledgeable criminal and an electric customer, and will spread because of the ease of intrusion and the economic benefit to both parties","V32A) Insiders with high potential for criminal or malicious behavior have access to critical functions or sensitive data, in particular, procedures and equipment for modifying meter configurations",I32A) The utility experiences a loss of revenue due to under billing,V32A) Require password rule enforcement (not the same password for all meters),"PR.AC-1: Identities and credentials are issued, managed, verified, revoked, and audited for authorized devices, users and processes",AMI,ami.csv,,185,"PR.AC-1: Identities and credentials are issued, managed, verified, revoked, and audited for authorized devices, users and processes",PR,,
,,,"V32B) System relies on credentials that are easy to obtain for access to the meter optical port, which in many cases allows reconfiguration of the meter settings (the optical port password may be found unencrypted on the meter or in field equipment that accesses the meter)",,"V32B) Detect unusual patterns of energy usage on smart meters (all utilities have some type of revenue protection scheme, but these may not be sufficient)","DE.AE-5: Incident alert thresholds are established
DE.AE-1: A baseline of network operations and expected data flows for users and systems is established and managed
DE.CM-1: The network is monitored to detect potential cybersecurity events
",AMI,ami.csv,,186,"DE.AE-5: Incident alert thresholds are established
DE.AE-1: A baseline of network operations and expected data flows for users and systems is established and managed
DE.CM-1: The network is monitored to detect potential cybersecurity events
",DE,,
,,,V32C) System permits unauthorized changes to the configuration that determines how power consumption is recorded,,V32C) Detect unauthorized configuration changes on the meter,"DE-CM-1: The network is monitored to detect potential cybersecurity events
PR.IP-3: Configuration change control processes are in place",AMI,ami.csv,,187,"DE-CM-1: The network is monitored to detect potential cybersecurity events
PR.IP-3: Configuration change control processes are in place",DE,,
,,,V32D) System relies on credentials that are easy to obtain for access (via password) to field tool or third party installations of software that can reconfigure meters,,"V32D) Verify personnel with extensive background checks on utility employees and contract maintenance personnel, especially those that directly interact with field devices","PR.IP-11: Cybersecurity is included in human resources practices (e.g., deprovisioning, personnel screening)",AMI,ami.csv,,188,"PR.IP-11: Cybersecurity is included in human resources practices (e.g., deprovisioning, personnel screening)",PR,,
,,,,,V32E) Use Role-Based Access Control to limit privilege to change meter settings that determine how power consumption is recorded,"PR.AC-4: Access permissions and authorizations are managed, incorporating the principles of least privilege and separation of duties",AMI,ami.csv,,189,"PR.AC-4: Access permissions and authorizations are managed, incorporating the principles of least privilege and separation of duties",PR,,
,,,,,"V32F) Protect credentials to meter optical port, within administrative processes, on meter and in field equipment","PR.AC-1: Identities and credentials are issued, managed, verified, revoked, and audited for authorized devices, users and processes",AMI,ami.csv,,190,"PR.AC-1: Identities and credentials are issued, managed, verified, revoked, and audited for authorized devices, users and processes",PR,,
,,,,,,,AMI,ami.csv,,191,nan,,,
,Inadequate Access Control of Distributed Energy Resources (DER) Systems Causes Electrocution,"DER owner fails to change the default password or not set a password for the DER system user interface. A threat agent (inept installer, hacker, or industrial spy) gets access through the user interface and changes the DER settings so that it does not trip off upon low voltage (anti-islanding protection), but continues to provide power during a power system fault","V1A) Physical access may be obtained by unauthorized individuals to DER settings through the DER system user interface
",I1A) DER system suffers physical damage due to feeding into a fault,M1A) Authenticate users for all user interface interactions,"PR.AC-7: Users, devices, and other assets are authenticated (e.g., single-factor, multi-factor) commensurate with the risk of the transaction (e.g., individuals’ security and privacy risks and other organizational risks)",DER,der.csv,,192,"PR.AC-7: Users, devices, and other assets are authenticated (e.g., single-factor, multi-factor) commensurate with the risk of the transaction (e.g., individuals’ security and privacy risks and other organizational risks)",PR,1.0,
,,,V1B) Default password is not changed for the DER system,I1B) A utility field crew member may be electrocuted,M1B) Change default access credentials after installation,"PR.AC-1: Identities and credentials are issued, managed, verified, revoked, and audited for authorized devices, users and processes",DER,der.csv,,193,"PR.AC-1: Identities and credentials are issued, managed, verified, revoked, and audited for authorized devices, users and processes",PR,,
,,,V1C) System permits unauthorized changes to anti-islanding protection in the DER system due to poor configuration design,I1C) The utility experiences damage to its reputation due to smart grid anomalies.,M1C) Enforce limits in hardware so that no setting changes can damage equipment,"PR.DS-8: Integrity checking mechanisms are used to verify hardware integrity

",DER,der.csv,,194,"PR.DS-8: Integrity checking mechanisms are used to verify hardware integrity

",PR,,
,,,"V1D) Commands or other messages may be inserted on the network by unauthorized individuals between the user interface and the DER system, that result in unauthenticated changes to sensitive parameters.",,M1D) Train personnel on secure networking requirements so that DER owners will understand the impact of bypassing security settings,"PR.AT-2: Privileged users understand their roles and responsibilities
PR.AT-1: All users are informed and trained ",DER,der.csv,,195,"PR.AT-2: Privileged users understand their roles and responsibilities
PR.AT-1: All users are informed and trained ",PR,,
,,,,,M1E) Require approval of next level of management for critical security settings.,"PR.AC-4: Access permissions and authorizations are managed, incorporating the principles of least privilege and separation of duties",DER,der.csv,,196,"PR.AC-4: Access permissions and authorizations are managed, incorporating the principles of least privilege and separation of duties",PR,,
,"DER’s Rogue Wireless Connection Exposes the DER System to Threat
Agents via the Internet","An industrial or large commercial DER system is configured for local operational access through a wireless network, but is erroneously connected to the company’s wireless corporate network, thus exposing the DER system to the Internet. Through the incorrect connection to the Internet, a threat agent gains control of the DER system and alters the operation of the DER functions to make them ignore utility commands and to turn off the “acknowledge command” interaction with the utility. The DER system may no longer limit power output during critical situations.","V2A) Network is connected to untrusted networks, specifically the DER operational network is connected to the company's wireless corporate network","I2A) Utility power equipment is damaged, causing financial impacts and outages of
customers",M2A) Verify network changes including connections available between networks,"PR.DS-4: Adequate capacity to ensure availability is maintained


",DER,der.csv,,197,"PR.DS-4: Adequate capacity to ensure availability is maintained


",PR,2.0,
,,,V2B) System relies on credentials that are easy to obtain for access to the wireless network allowing an unauthorized entity to gain control of DER system through the Internet,I2B) The utility experiences damage to its reputation due to smart grid anomalies,"M2B) Authenticate devices so that any new connections support only authorized
equipment","PR.AC-7: Users, devices, and other assets are authenticated (e.g., single-factor, multi-factor) commensurate with the risk of the transaction (e.g., individuals’ security and privacy risks and other organizational risks)
DE.CM-7: Monitoring for unauthorized personnel, connections, devices, and software is performed


",DER,der.csv,,198,"PR.AC-7: Users, devices, and other assets are authenticated (e.g., single-factor, multi-factor) commensurate with the risk of the transaction (e.g., individuals’ security and privacy risks and other organizational risks)
DE.CM-7: Monitoring for unauthorized personnel, connections, devices, and software is performed


",PR,,
,,,V2C) System permits wireless access by unauthorized parties to the wireless network in the DER system,"I2C) The utility’s networked grid in a city may experience damaging reverse power
flows, or overloads to substation transformers",M2C) Detect unauthorized configuration changes to the DER system,PR.IP-3: Configuration change control processes are in place,DER,der.csv,,199,PR.IP-3: Configuration change control processes are in place,PR,,
,,,V2D) Unnecessary access is permitted to system functions in the DER system,,"M2D) Configure for least functionality by limiting the types of traffic, shutting down
certain ports, etc.",PR.PT-3: The principle of least functionality is incorporated by configuring systems to provide only essential capabilities,DER,der.csv,,200,PR.PT-3: The principle of least functionality is incorporated by configuring systems to provide only essential capabilities,PR,,
,,,V2E) Users lack visibility to the failure of the system to respond to commands by the utility for the DER system,,"M2E) Authenticate messages, including their source and destinations, in communication protocols used between DER system components","PR.DS-6: Integrity checking mechanisms are used to verify software, firmware, and information integrity
PR.PT-4: Communications and control networks are protected",DER,der.csv,,201,"PR.DS-6: Integrity checking mechanisms are used to verify software, firmware, and information integrity
PR.PT-4: Communications and control networks are protected",PR,,
,,,,,M2F) Require acknowledgements in communication protocols used for critical commands from the utility to DER systems,"PR.PT-4: Communications and control networks are protected
",DER,der.csv,,202,"PR.PT-4: Communications and control networks are protected
",PR,,
,,,,,M2G) Require failure messages in communication protocols used for critical commands from the utility to DER systems,"PR.PT-4: Communications and control networks are protected
",DER,der.csv,,203,"PR.PT-4: Communications and control networks are protected
",PR,,
,,,,,"M2H) Train personnel (DER system installers) to ensure that the recommended access
control security settings are enabled","PR.AT-2: Privileged users understand their roles and responsibilities
PR.AT-1: All users are informed and trained  ",DER,der.csv,,204,"PR.AT-2: Privileged users understand their roles and responsibilities
PR.AT-1: All users are informed and trained  ",PR,,
,,,,,"M2I) Require secure factory settings for configuration and network parameters by
default",PR.IP-1: A baseline configuration of information technology/industrial control systems is created and maintained incorporating security principles (e.g. concept of least functionality),DER,der.csv,,205,PR.IP-1: A baseline configuration of information technology/industrial control systems is created and maintained incorporating security principles (e.g. concept of least functionality),PR,,
,,,,,M2J) Authenticate users who make modifications to secure configuration and network parameters,"PR.AC-7: Users, devices, and other assets are authenticated (e.g., single-factor, multi-factor) commensurate with the risk of the transaction (e.g., individuals’ security and privacy risks and other organizational risks)
PR.IP-3: Configuration change control processes are in place",DER,der.csv,,206,"PR.AC-7: Users, devices, and other assets are authenticated (e.g., single-factor, multi-factor) commensurate with the risk of the transaction (e.g., individuals’ security and privacy risks and other organizational risks)
PR.IP-3: Configuration change control processes are in place",PR,,
,,,,,M2K) Require approved cryptographic algorithms to protect DER wireless network,PR.DS-2: Data-in-transit is protected,DER,der.csv,,207,PR.DS-2: Data-in-transit is protected,PR,,
,,,,,M2L) Use Role-Based Access Control to limit privileges to safety critical functions,"PR.AC-4: Access permissions and authorizations are managed, incorporating the principles of least privilege and separation of duties                                                                                                                 ",DER,der.csv,,208,"PR.AC-4: Access permissions and authorizations are managed, incorporating the principles of least privilege and separation of duties                                                                                                                 ",PR,,
,,,,,M2M) Limit remote modification of functional and security settings for the DER system,"PR.MA-2: Remote maintenance of organizational assets is approved, logged, and performed in a manner that prevents unauthorized access
PR.AC-3: Remote access is managed",DER,der.csv,,209,"PR.MA-2: Remote maintenance of organizational assets is approved, logged, and performed in a manner that prevents unauthorized access
PR.AC-3: Remote access is managed",PR,,
,Malware Introduced in DER System During Deployment,"A threat agent, possibly a disgruntled employee of the DER vendor or a DER implementation company, makes malicious software changes to equipment software or firmware. This malware causes large numbers of DER systems to ignore certain critical commands from the utility. For example, after some future date, it prevents the DER systems from limiting their energy output when so commanded and then locks out any other commands.",V3A) Insiders with high potential for criminal or malicious behavior have access to critical functions or sensitive data when granted access to software and firmware in equipment that is at the vendor factory or during implementation,I3A) Loss of a transformer,"M3A) Cross check software/firmware before installation by comparing with a known
good version (a “gold disk”)","PR.DS-6: Integrity checking mechanisms are used to verify software, firmware, and information integrity


",DER,der.csv,,210,"PR.DS-6: Integrity checking mechanisms are used to verify software, firmware, and information integrity


",PR,3.0,
,,,V3B) System permits unauthorized installation of software or firmware in DER equipment,I3B) Financial loss to utility,M3B) Require on-going validation of software/firmware,"PR.DS-6: Integrity checking mechanisms are used to verify software, firmware, and information integrity",DER,der.csv,,211,"PR.DS-6: Integrity checking mechanisms are used to verify software, firmware, and information integrity",PR,,
,,,"V3C) System relies on credentials that are easy to obtain for access to modify software
or firmware on systems post-delivery",I3C) Financial loss to DER owner,M3C) Authenticate users for access to modify software/firmware,"PR.AC-7: Users, devices, and other assets are authenticated (e.g., single-factor, multi-factor) commensurate with the risk of the transaction (e.g., individuals’ security and privacy risks and other organizational risks)",DER,der.csv,,212,"PR.AC-7: Users, devices, and other assets are authenticated (e.g., single-factor, multi-factor) commensurate with the risk of the transaction (e.g., individuals’ security and privacy risks and other organizational risks)",PR,,
,,,V3C) System permits unauthorized installation of software or firmware in the DER system,"I3D) The combined effect causes a large reverse power flow in a substation and
causes severe damage to a substation transformer. All DER software/firmware
will have to be updated","M3D) Verify personnel with background checks on DER development personnel, implementers, and contract maintenance personnel, especially those that interact directly with the DER interface to the utility","PR.IP-11: Cybersecurity is included in human resources practices (e.g., deprovisioning, personnel screening)",DER,der.csv,,213,"PR.IP-11: Cybersecurity is included in human resources practices (e.g., deprovisioning, personnel screening)",PR,,
,,,,,M3E) Use Role-Based Access Control to limit privileges to modify software/firmware after installation,"PR.AC-4: Access permissions and authorizations are managed, incorporating the principles of least privilege and separation of duties",DER,der.csv,,214,"PR.AC-4: Access permissions and authorizations are managed, incorporating the principles of least privilege and separation of duties",PR,,
,,,,,M3F) Test for malware in DER systems,"DE.CM-8: Vulnerability scans are performed
DE.DP-3: Detection processes are tested",DER,der.csv,,215,"DE.CM-8: Vulnerability scans are performed
DE.DP-3: Detection processes are tested",DE,,
,Confidential DER Generation Information Stolen to Harm Customer,A utility is monitoring the energy and ancillary services provided by an industrial or commercial customer’s DER system. The communication protocol that transports this information is intercepted and a threat agent gains access to the private generation data from the DER system because the protocol provides either no confidentiality or inadequate confidentiality. This private data is used to harm the customer.,V4A) System makes messages accessible to unauthorized individuals in the communication protocol of the DER system,I4A) Utility is sued for financial damages due to lost customer privacy,M4A) Encrypt communication paths used for confidential or private information,"PR.PT-4: Communications and control networks are protected
PR.DS-2: Data-in-transit is protected",DER,der.csv,,216,"PR.PT-4: Communications and control networks are protected
PR.DS-2: Data-in-transit is protected",PR,4.0,
,,,V4B) System makes private data accessible to unauthorized individuals in the communication protocol of the DER system,I4B) Utility reputation is damaged for not providing security for private information,M4B) Encrypt communication paths used for confidential or private information,"PR.PT-4: Communications and control networks are protected
PR.DS-2: Data-in-transit is protected",DER,der.csv,,217,"PR.PT-4: Communications and control networks are protected
PR.DS-2: Data-in-transit is protected",PR,,
,Trojan Horse Attack Captures Confidential DER Generation Information,"A DER system installed for the mutual benefit of a utility partnership with
an industrial or commercial customer contains a Trojan horse, either embedded at the
factory, added during installation, or inserted by maintenance personnel. The Trojan
horse captures confidential market-related information from both the utility and the
partner. An industrial competitor uses this market information to the detriment of both
the utility and the customer.",V5A) System permits installation of malware in the supply chain for the DER system,"I5A) Utility suffers from financial losses due to market manipulation by the industrial
competitor","M5A) Test before installation of the DER system, for the presence of malware","DE.CM-8: Vulnerability scans are performed
DE.DP-3: Detection processes are tested",DER,der.csv,,218,"DE.CM-8: Vulnerability scans are performed
DE.DP-3: Detection processes are tested",DE,5.0,
,,,,I5B) Utility is sued for financial damages due to lost customer confidentiality,"M5B) Test after installation of the DER system, for the presence of malware","DE.CM-8: Vulnerability scans are performed
DE.CM-1: The network is monitored to detect potential cybersecurity events
DE.DP-3: Detection processes are tested",DER,der.csv,,219,"DE.CM-8: Vulnerability scans are performed
DE.CM-1: The network is monitored to detect potential cybersecurity events
DE.DP-3: Detection processes are tested",DE,,
,,,,I5C) Utility reputation is damaged for not being able to secure confidential information,M5C) Require assured maintenance by security-certified maintenance organizations that can be trusted not to install malware,"PR.MA-1: Maintenance and repair of organizational assets are performed and logged, with approved and controlled tools

",DER,der.csv,,220,"PR.MA-1: Maintenance and repair of organizational assets are performed and logged, with approved and controlled tools

",PR,,
,,,,,M5D) Test after maintenance for malware in all DER systems,"DE.CM-8: Vulnerability scans are performed
DE.DP-3: Detection processes are tested",DER,der.csv,,221,"DE.CM-8: Vulnerability scans are performed
DE.DP-3: Detection processes are tested",DE,,
,,,,,"M5E) Create audit log of all changes to software and firmware, linking the updates to
roles","PR.PT-1: Audit/log records are determined, documented, implemented, and reviewed in accordance with policy",DER,der.csv,,222,"PR.PT-1: Audit/log records are determined, documented, implemented, and reviewed in accordance with policy",PR,,
,,,,,M5F) Protect audit logs from deletion of records unless a security authority is notified,"PR.PT-1: Audit/log records are determined, documented, implemented, and reviewed in accordance with policy",DER,der.csv,,223,"PR.PT-1: Audit/log records are determined, documented, implemented, and reviewed in accordance with policy",PR,,
,,,,,"M5G) Verify personnel with background checks on DER development personnel,
implementers, and contract maintenance personnel with privileges to modify
firmware or software","PR.IP-11: Cybersecurity is included in human resources practices (e.g., deprovisioning, personnel screening)",DER,der.csv,,224,"PR.IP-11: Cybersecurity is included in human resources practices (e.g., deprovisioning, personnel screening)",PR,,
,,,,,"M5H) Use Role-Based Access Control to limit privileges to modify firmware or software
after installation","PR.AC-4: Access permissions and authorizations are managed, incorporating the principles of least privilege and separation of duties",DER,der.csv,,225,"PR.AC-4: Access permissions and authorizations are managed, incorporating the principles of least privilege and separation of duties",PR,,
,,,,,M5I) Restrict access at factory for modifying software and firmware,PR.PT-3: The principle of least functionality is incorporated by configuring systems to provide only essential capabilities,DER,der.csv,,226,PR.PT-3: The principle of least functionality is incorporated by configuring systems to provide only essential capabilities,PR,,
,,,,,M5J) Require authentication to modify firmware or software after installation,"PR.MA-2: Remote maintenance of organizational assets is approved, logged, and performed in a manner that prevents unauthorized access
PR.IP-3: Configuration change control processes are in place
",DER,der.csv,,227,"PR.MA-2: Remote maintenance of organizational assets is approved, logged, and performed in a manner that prevents unauthorized access
PR.IP-3: Configuration change control processes are in place
",PR,,
,,,,,M5K) Configure for least functionality by disabling backdoor vendor/maintenance ports,PR.PT-3: The principle of least functionality is incorporated by configuring systems to provide only essential capabilities,DER,der.csv,,228,PR.PT-3: The principle of least functionality is incorporated by configuring systems to provide only essential capabilities,PR,,
,Compromised DER Sequence of Commands Causes Power Outage,"A utility-owned DER storage system is located in a substation to balance large feeder generation and load variations. A threat agent causes a sequence of
commands, although valid individually, to arrive at the DER system in the wrong order (possibly through a replay attack), causing the DER system to create a greater imbalance and tripping off all customers served from that substation.",V6A) System permits potentially harmful command sequences in the application-to application messaging scheme of the DER storage system,I6A) Outages for all customers served by the substation,M6A) Check message integrity in communication protocols used to manage DER systems,"PR.DS-6: Integrity checking mechanisms are used to verify software, firmware, and information integrity
PR.PT-4: Communications and control networks are protected",DER,der.csv,,229,"PR.DS-6: Integrity checking mechanisms are used to verify software, firmware, and information integrity
PR.PT-4: Communications and control networks are protected",PR,6.0,
,,,"V6B) A copy of a prior message or command is difficult or infeasible to distinguish from
a new legitimate message or command in the communication protocol of the DER storage system",I6B) Continued threat of outages until the cause of the improper DER system operation is determined and corrected,M6B) Protect against replay in communication protocols used to manage DER systems,PR.PT-4: Communications and control networks are protected,DER,der.csv,,230,PR.PT-4: Communications and control networks are protected,PR,,
,,,,I6C) Utilities need to curtail customer generation and/or loads until the problem is corrected,M6C) Create audit log of out-of-sequence data,"PR.PT-1: Audit/log records are determined, documented, implemented, and reviewed in accordance with policy",DER,der.csv,,231,"PR.PT-1: Audit/log records are determined, documented, implemented, and reviewed in accordance with policy",PR,,
,,,,,M6D) Generate alarms for system owners when out-of-sequence data is detected,DE.AE-5: Incident alert thresholds are established,DER,der.csv,,232,DE.AE-5: Incident alert thresholds are established,DE,,
,Incorrect Clock Causes Substation DER System Shut Down During Critical Peak,"A utility-owned DER system is located in a substation with the primary purpose of providing additional power during a critical peak. A threat agent changes the time clock in the DER system through a false time-synchronization message, so that either the DER system believes that the critical peak event is over or that all timestamped messages to it are invalid, so it goes into default shut-down mode.","V7A) System permits messages to be modified by unauthorized individuals in the time
synchronization communication protocol",I7A) The DER system performs an immediate shut down and causes damage to a transformer,M7A)  Authenticate messages in the time synchronization communication protocol,"PR.DS-6: Integrity checking mechanisms are used to verify software, firmware, and information integrity
PR.PT-4: Communications and control networks are protected",DER,der.csv,,233,"PR.DS-6: Integrity checking mechanisms are used to verify software, firmware, and information integrity
PR.PT-4: Communications and control networks are protected",PR,7.0,
,,,V7B) Message modified by an adversary is either difficult or infeasible to distinguish from a valid message in the time synchronization communication protocol,I7B) Customer outages occur during the critical peak,M7B) Check message integrity in the time synchronization communication proto,"PR.DS-6: Integrity checking mechanisms are used to verify software, firmware, and information integrity
PR.PT-4: Communications and control networks are protected",DER,der.csv,,234,"PR.DS-6: Integrity checking mechanisms are used to verify software, firmware, and information integrity
PR.PT-4: Communications and control networks are protected",PR,,
,,,V7C) System takes action before confirming changes with user in the DER management system,I7C) Utilities need to curtail customer generation and/or loads until a new transformer is installed,M7C) Cross check operationally critical actions with the utility DER management system before acting,"PR.DS-6: Integrity checking mechanisms are used to verify software, firmware, and information integrity",DER,der.csv,,235,"PR.DS-6: Integrity checking mechanisms are used to verify software, firmware, and information integrity",PR,,
,Electric Vehicle (EV) Charging Station Ignores Utility Command to Limit Fast-Charging,"A charging station employee (with system administrator authority) wants to increase the revenue of an EV charging station acting as a DER system. The employee modifies a utility command to “curtail the fast-charging rate” or to change the time-stamp when the fast-charging limit command was received. During a peak period, many EVs simultaneously start charging, causing the distribution transformer to fail.",V8A) System permits unauthorized changes to instructions received from the utility regarding permitted charging operations,I8A) Transformer is damaged,M8A) Require read-only access to timestamps for stored copies of commands received from utility,"PR.IP-3: Configuration change control processes are in place
DE.AE-1: A baseline of network operations and expected data flows for users and systems is established and managed",DER,der.csv,,236,"PR.IP-3: Configuration change control processes are in place
DE.AE-1: A baseline of network operations and expected data flows for users and systems is established and managed",PR,8.0,
,,,,I8B) Lawsuits between the utility and the EV charging station over responsibility for the cost to replace the failed transformer,M8B) Require non-repudiation for all critical commands between the utility and the customer system,"PR.DS-6: Integrity checking mechanisms are used to verify software, firmware, and information integrity",DER,der.csv,,237,"PR.DS-6: Integrity checking mechanisms are used to verify software, firmware, and information integrity",PR,,
,Loss of DER Control Occurs due to Invalid or Missing Messages,"A malicious or non-malicious individual causes the loss of DER control due to invalid or missing messages. Since the DER system either tries to act on invalid messages or no longer has messages constraining its output, it causes a distribution transformer to overload, thus causing an outage for the site and for neighboring sites. The DER system also sustains damage due to invalid settings",V9A) System permits messages to be modified by unauthorized individuals,I9A) A distribution transformer is damaged,M9A) Authenticate messages in all communication protocols,"PR.DS-6: Integrity checking mechanisms are used to verify software, firmware, and information integrity
PR.PT-4: Communications and control networks are protected",DER,der.csv,,238,"PR.DS-6: Integrity checking mechanisms are used to verify software, firmware, and information integrity
PR.PT-4: Communications and control networks are protected",PR,9.0,
,,,V9B) Message modified by an adversary is either difficult or infeasible to distinguish from a valid message,"I9B) A local outage occurs that requires field crews to replace the damaged
transformer",M9B) Validate data in DER systems messages as reasonable and within the DER intrinsic capabilities,"PR.DS-6: Integrity checking mechanisms are used to verify software, firmware, and information integrity",DER,der.csv,,239,"PR.DS-6: Integrity checking mechanisms are used to verify software, firmware, and information integrity",PR,,
,,,,I9C) The DER system may sustain damage due to trying to act on invalid messages or not being constrained by expected messages that did not arrive,M9C) Generate alarms for messages that fail message authentication,DE.AE-5: Incident alert thresholds are established,DER,der.csv,,240,DE.AE-5: Incident alert thresholds are established,DE,,
,,,,,M9D) Create audit log of messages that fail message authentication,"PR.PT-1: Audit/log records are determined, documented, implemented, and reviewed in accordance with policy",DER,der.csv,,241,"PR.PT-1: Audit/log records are determined, documented, implemented, and reviewed in accordance with policy",PR,,
,,,,,M9E) Require non-repudiation to validate receipt of messages,"PR.DS-6: Integrity checking mechanisms are used to verify software, firmware, and information integrity",DER,der.csv,,242,"PR.DS-6: Integrity checking mechanisms are used to verify software, firmware, and information integrity",PR,,
,Threat Agent Modifies Field DER Energy Management System (FDEMS) Efficiency Settings,"A malicious individual accesses a FDEMS in a small- to medium-sized commercial or industrial site, and modifies the energy output, the volt-var curves, or other DER efficiency settings that were requested by the utility",V10A) System permits unauthorized changes to critical settings in FDEMS,I10A) The utility loses financially due to the need to purchase higher costing energy and/or to operate the power system less efficiently,M10A) Restrict application access for all FDEMS user interface interactions,"PR.AC-4: Access permissions and authorizations are managed, incorporating the principles of least privilege and separation of duties

",DER,der.csv,,243,"PR.AC-4: Access permissions and authorizations are managed, incorporating the principles of least privilege and separation of duties

",PR,10.0,
,,,V10B) Unnecessary network access is permitted to the FDEMS network,I10B) The customer experiences higher costs due to not meeting the utility efficiency requests.,M10B) Authenticate users for all FDEMS user interface interactions,"PR.AC-7: Users, devices, and other assets are authenticated (e.g., single-factor, multi-factor) commensurate with the risk of the transaction (e.g., individuals’ security and privacy risks and other organizational risks)",DER,der.csv,,244,"PR.AC-7: Users, devices, and other assets are authenticated (e.g., single-factor, multi-factor) commensurate with the risk of the transaction (e.g., individuals’ security and privacy risks and other organizational risks)",PR,,
,,,V10C) Unnecessary access is permitted to the operating system hosting the FDEMS applications,,M10C) Change default credentials for FDEMS after installation,"PR.AC-1: Identities and credentials are issued, managed, verified, revoked, and audited for authorized devices, users and processes",DER,der.csv,,245,"PR.AC-1: Identities and credentials are issued, managed, verified, revoked, and audited for authorized devices, users and processes",PR,,
,,,V10D) Physical access may be obtained by unauthorized individuals to the FDEMS system,,M10D) Use Role-Based Access Control (RBAC) in the FDEMS system,"PR.AC-4: Access permissions and authorizations are managed, incorporating the principles of least privilege and separation of duties

",DER,der.csv,,246,"PR.AC-4: Access permissions and authorizations are managed, incorporating the principles of least privilege and separation of duties

",PR,,
,,,V10E) System relies on credentials that are easy to obtain for access to the FDEMS network,,M10E) Enforce least privilege to access the FDEMS operating system and physical host,"PR.AC-4: Access permissions and authorizations are managed, incorporating the principles of least privilege and separation of duties



",DER,der.csv,,247,"PR.AC-4: Access permissions and authorizations are managed, incorporating the principles of least privilege and separation of duties



",PR,,
,,,V10F) System relies on credentials that are easy to obtain for access that allows modification of the FDEMS settings,,M10F) Enforce restrictive firewall rules for access to the FDEMS network,PR.AC-5: Network integrity is protected,DER,der.csv,,248,PR.AC-5: Network integrity is protected,PR,,
,,,,,M10G) Require multi-factor authentication for users requesting remote access to the FDEMS,"PR.AC-7: Users, devices, and other assets are authenticated (e.g., single-factor, multi-factor) commensurate with the risk of the transaction (e.g., individuals’ security and privacy risks and other organizational risks)",DER,der.csv,,249,"PR.AC-7: Users, devices, and other assets are authenticated (e.g., single-factor, multi-factor) commensurate with the risk of the transaction (e.g., individuals’ security and privacy risks and other organizational risks)",PR,,
,,,,,M10H) Protect credentials that allow access to the FDEMS network,"PR.AC-1: Identities and credentials are issued, managed, verified, revoked, and audited for authorized devices, users and processes",DER,der.csv,,250,"PR.AC-1: Identities and credentials are issued, managed, verified, revoked, and audited for authorized devices, users and processes",PR,,
,,,,,"M10I)  Protect credentials for the FDEMS application or operating system that permit
access to modify the FDEMS settings","PR.AC-1: Identities and credentials are issued, managed, verified, revoked, and audited for authorized devices, users and processes",DER,der.csv,,251,"PR.AC-1: Identities and credentials are issued, managed, verified, revoked, and audited for authorized devices, users and processes",PR,,
,,,,,"M10J) Train personnel, including the FDEMS owners and administrators, on secure networking requirements","PR.AT-2: Privileged users understand their roles and responsibilities
PR.AT-1: All users are informed and trained ",DER,der.csv,,252,"PR.AT-2: Privileged users understand their roles and responsibilities
PR.AT-1: All users are informed and trained ",PR,,
,Threat Agent Shuts Down Commercial/Industrial FDEMS,"A threat agent gains access to a FDEMS in a small- to medium-sized commercial or industrial site, such as a shopping center, university campus, hospital complex, or manufacturing facility and installs malicious software. At a pre-planned time, the virus planted by the threat agent causes a synchronized shut down of all the DER systems on the site, either causing a complete or partial outage of the facility or forcing the facility to purchase additional power from the grid",V11A)  Unnecessary network access is permitted to the FDEMS network,"I11A)  Depending upon the size of the facility, this unplanned loss of DER energy could cause power quality problems on the utility grid, including low voltage, harmonics, and a possible temporary feeder outage",M11A) Enforce least privilege to access the FDEMS operating system and physical host,"PR.AC-4: Access permissions and authorizations are managed, incorporating the principles of least privilege and separation of duties
",DER,der.csv,,253,"PR.AC-4: Access permissions and authorizations are managed, incorporating the principles of least privilege and separation of duties
",PR,11.0,
,,,V11B) Unnecessary access is permitted to the operating system hosting the FDEMS applications,I11B) The utility pays more for energy than necessary,M11B) Enforce restrictive firewall rules for access to the FDEMS network,PR.AC-5: Network integrity is protected,DER,der.csv,,254,PR.AC-5: Network integrity is protected,PR,,
,,,"V11C)  Physical access may be obtained by unauthorized individuals to the FDEMS
system",I11C) The utility experiences loss of reputation,"M11C) Require multi-factor authentication for users requesting remote access to the
FDEMS","PR.AC-7: Users, devices, and other assets are authenticated (e.g., single-factor, multi-factor) commensurate with the risk of the transaction (e.g., individuals’ security and privacy risks and other organizational risks)",DER,der.csv,,255,"PR.AC-7: Users, devices, and other assets are authenticated (e.g., single-factor, multi-factor) commensurate with the risk of the transaction (e.g., individuals’ security and privacy risks and other organizational risks)",PR,,
,,,"V11D)  System takes action before confirming changes with user to shutdown DER
systems in the FDEMS",I11D)  The customer experiences higher costs due to not meeting the utility requests,M11D)  Require application whitelisting on the FDEMS,PR.PT-3: The principle of least functionality is incorporated by configuring systems to provide only essential capabilities,DER,der.csv,,256,PR.PT-3: The principle of least functionality is incorporated by configuring systems to provide only essential capabilities,PR,,
,,,V11E)  System relies on credentials that are easy to obtain for access to the FDEMS network,,M11E) Generate alerts upon shutdown of site DER systems,"DE.AE-5: Incident alert thresholds are established

",DER,der.csv,,257,"DE.AE-5: Incident alert thresholds are established

",DE,,
,,,V11F)  System relies on credentials that are easy to obtain for access that allows modification of the FDEMS software,,M11F)  Protect credentials that allow access to the FDEMS network,"PR.AC-1: Identities and credentials are issued, managed, verified, revoked, and audited for authorized devices, users and processes",DER,der.csv,,258,"PR.AC-1: Identities and credentials are issued, managed, verified, revoked, and audited for authorized devices, users and processes",PR,,
,,,,,"M11G) Protect credentials for the FDEMS operating system that permit access to modify
the FDEMS software","PR.AC-1: Identities and credentials are issued, managed, verified, revoked, and audited for authorized devices, users and processes",DER,der.csv,,259,"PR.AC-1: Identities and credentials are issued, managed, verified, revoked, and audited for authorized devices, users and processes",PR,,
,,,,,M11H) Use Role-Based Access Control to limit the privilege to install software on the FDEMS host,"PR.AC-4: Access permissions and authorizations are managed, incorporating the principles of least privilege and separation of duties",DER,der.csv,,260,"PR.AC-4: Access permissions and authorizations are managed, incorporating the principles of least privilege and separation of duties",PR,,
,,,,,"M11I) Train personnel, including FDEMS owners and administrators, on secure networking requirements","PR.AT-1: All users are informed and trained
PR.AT-2: Privileged users understand their roles and responsibilities  
",DER,der.csv,,261,"PR.AT-1: All users are informed and trained
PR.AT-2: Privileged users understand their roles and responsibilities  
",PR,,
,Modified Management Settings for Substation FDEMS Impact Power Quality,"A malicious individual accesses a utility FDEMS that manages DER generation and storage systems within a substation, and modifies the energy output, the volt-var curves, or other DER management settings. When the utility requests the FDEMS to control the DER systems to provide more vars, the FDEMS causes the DER systems to behave erratically and cause the substation to have power quality problems, including tripping of the transmission line breaker",V12A)  Unnecessary network access is permitted for the FDEMS network,"I12A) Power system power quality problems, including erratic supply of vars to the
transmission system",M12A)  Restrict application access for all FDEMS user interface interactions,"PR.AC-4: Access permissions and authorizations are managed, incorporating the principles of least privilege and separation of duties",DER,der.csv,,262,"PR.AC-4: Access permissions and authorizations are managed, incorporating the principles of least privilege and separation of duties",PR,12.0,
,,,V12B) Unnecessary network access is permitted for the FDEMS network,I12B) An outage of all feeders in the substation,M12B)  Authenticate users for all FDEMS user interface interactions,"PR.AC-7: Users, devices, and other assets are authenticated (e.g., single-factor, multi-factor) commensurate with the risk of the transaction (e.g., individuals’ security and privacy risks and other organizational risks)",DER,der.csv,,263,"PR.AC-7: Users, devices, and other assets are authenticated (e.g., single-factor, multi-factor) commensurate with the risk of the transaction (e.g., individuals’ security and privacy risks and other organizational risks)",PR,,
,,,V12C) Physical access may be obtained by unauthorized individuals to the FDEMS system,,M12C)  Enforce changing default credentials as a system enforced step during installation,"PR.AC-1: Identities and credentials are issued, managed, verified, revoked, and audited for authorized devices, users and processes",DER,der.csv,,264,"PR.AC-1: Identities and credentials are issued, managed, verified, revoked, and audited for authorized devices, users and processes",PR,,
,,,V12D) System relies on credentials that are easy to obtain for access to the FDEMS network,,M12D)  Use RBAC in the FDEMS system,"PR.AC-4: Access permissions and authorizations are managed, incorporating the principles of least privilege and separation of duties
",DER,der.csv,,265,"PR.AC-4: Access permissions and authorizations are managed, incorporating the principles of least privilege and separation of duties
",PR,,
,,,V12E)  System relies on credentials that are easy to obtain for access that allows modification of the FDEMS settings,,M12E)  Enforce least privilege for access to the FDEMS operating system and physical host,"PR.AC-4: Access permissions and authorizations are managed, incorporating the principles of least privilege and separation of duties",DER,der.csv,,266,"PR.AC-4: Access permissions and authorizations are managed, incorporating the principles of least privilege and separation of duties",PR,,
,,,,,M12F)  Enforce restrictive firewall rules for access to the FDEMS network,PR.AC-5: Network integrity is protected,DER,der.csv,,267,PR.AC-5: Network integrity is protected,PR,,
,,,,,M12G)  Protect credentials that allow access to the FDEMS network,"PR.AC-1: Identities and credentials are issued, managed, verified, revoked, and audited for authorized devices, users and processes",DER,der.csv,,268,"PR.AC-1: Identities and credentials are issued, managed, verified, revoked, and audited for authorized devices, users and processes",PR,,
,,,,,"M12H)  Protect credentials for the FDEMS application or operating system that permit
access to modify the FDEMS settings","PR.AC-1: Identities and credentials are issued, managed, verified, revoked, and audited for authorized devices, users and processes",DER,der.csv,,269,"PR.AC-1: Identities and credentials are issued, managed, verified, revoked, and audited for authorized devices, users and processes",PR,,
,,,,,M12I) Require multi-factor authentication for users requesting remote access to the FDEMS,"PR.AC-7: Users, devices, and other assets are authenticated (e.g., single-factor, multi-factor) commensurate with the risk of the transaction (e.g., individuals’ security and privacy risks and other organizational risks)",DER,der.csv,,270,"PR.AC-7: Users, devices, and other assets are authenticated (e.g., single-factor, multi-factor) commensurate with the risk of the transaction (e.g., individuals’ security and privacy risks and other organizational risks)",PR,,
,Custom Malware Gives Threat Agent Control of FDEMS,A threat agent compromises the operating system/operating environment platform of a FDEMS and installs malware. The malware leverages automated machine-to-machine authentication mechanisms and/or compromises stored cryptographic authentication keys to allow it to impersonate the authorized FDEMS software. This gives the threat agent complete control over all of the FDEMS resources and remote resources controlled or managed by the FDEMS,"V13A)  Physical access may be obtained by unauthorized individuals to embedded equipment in the supply chain, installation organization or maintenance organization",I13A) The FDEMS owner may experience loss of revenue as well as possible penalties for not responding as contracted,M13A) Require secure boot loader,"PR.DS-8: Integrity checking mechanisms are used to verify hardware integrity

",DER,der.csv,,271,"PR.DS-8: Integrity checking mechanisms are used to verify hardware integrity

",PR,13.0,
,,,"V13B) Network interfaces permit unnecessary traffic flows between the FDEMS and the Internet, allowing for Internet-based malware delivery mechanisms","I13B) Over a long period while avoiding detection, the threat agent can cause changes to the FDEMS commands to benefit a rival FDEMS installation","M13B) Check software execution integrity, since software may be compromised when loaded for execution","PR.DS-6: Integrity checking mechanisms are used to verify software, firmware, and information integrity
",DER,der.csv,,272,"PR.DS-6: Integrity checking mechanisms are used to verify software, firmware, and information integrity
",PR,,
,,,V13C) Software patches are not checked regularly to ensure that they are current permitting compromise of the FDEMS platform,"I13C) Other unexpected impacts, since the threat agent has undetected control of the FDEMS",M13C) Check software file integrity for software executables and images,"PR.DS-6: Integrity checking mechanisms are used to verify software, firmware, and information integrity",DER,der.csv,,273,"PR.DS-6: Integrity checking mechanisms are used to verify software, firmware, and information integrity",PR,,
,,,V13D) System relies on credentials that are easy to obtain for access to install software on the FDEMS platform,,"M13D) Check OS integrity (e.g., virtual machine monitoring, rootkit detection, etc.)","PR.DS-6: Integrity checking mechanisms are used to verify software, firmware, and information integrity",DER,der.csv,,274,"PR.DS-6: Integrity checking mechanisms are used to verify software, firmware, and information integrity",PR,,
,,,,,"M13E) Protect credentials required for installing software on the FDEMS platform, in
user and administrative processes","PR.AC-1: Identities and credentials are issued, managed, verified, revoked, and audited for authorized devices, users and processes",DER,der.csv,,275,"PR.AC-1: Identities and credentials are issued, managed, verified, revoked, and audited for authorized devices, users and processes",PR,,
,,,,,M13F) Maintain patches on the FDEMS system,"PR.MA-1: Maintenance and repair of organizational assets are performed and logged, with approved and controlled tools",DER,der.csv,,276,"PR.MA-1: Maintenance and repair of organizational assets are performed and logged, with approved and controlled tools",PR,,
,,,,,M13G) Create audit log to capture commands,"PR.PT-1: Audit/log records are determined, documented, implemented, and reviewed in accordance with policy",DER,der.csv,,277,"PR.PT-1: Audit/log records are determined, documented, implemented, and reviewed in accordance with policy",PR,,
,DER Systems Shut Down by Spoofed Supervisory Control and Data Acquisition (SCADA) Control Commands,A threat agent spoofs DER SCADA control commands to perform emergency shutdowns of a large number of DER systems simultaneously,"V14A) System permits messages to be modified by unauthorized individuals in the DER
SCADA communication protocols","I14A) Power system instability, including outages and power quality problems","M14A) Limit events, specifically the number of shutdown events of DER systems within
a specified time period","PR.PT-5: Mechanisms (e.g., failsafe, load balancing, hot swap) are implemented to achieve resilience requirements in normal and adverse situations ",DER,der.csv,,278,"PR.PT-5: Mechanisms (e.g., failsafe, load balancing, hot swap) are implemented to achieve resilience requirements in normal and adverse situations ",PR,14.0,
,,,V14B) Message modified by an adversary is either difficult or infeasible to distinguish from a valid message in the DER SCADA communication protocols,I14B) Utility legal costs related to DER owner litigation for loss of revenue,M14B) Use RBAC in the DER SCADA,"PR.AC-4: Access permissions and authorizations are managed, incorporating the principles of least privilege and separation of duties",DER,der.csv,,279,"PR.AC-4: Access permissions and authorizations are managed, incorporating the principles of least privilege and separation of duties",PR,,
,,,"V14C) Users lack visibility of threat activity, specifically messages sent to DER systems but not originated by the SCADA system",,M14C) Authenticate data source for the DER SCADA protocols,DE.AE-1: A baseline of network operations and expected data flows for users and systems is established and managed,DER,der.csv,,280,DE.AE-1: A baseline of network operations and expected data flows for users and systems is established and managed,DE,,
,,,"V14D)  Unnecessary access is permitted to system functions for the DER SCADA system, permitting an adversary to gather information about how to spoof
shutdown messages",,M14D) Authenticate messages that convey the DER SCADA control commands,"PR.DS-2: Data-in-transit is protected
PR.DS-6: Integrity checking mechanisms are used to verify software, firmware, and information integrity",DER,der.csv,,281,"PR.DS-2: Data-in-transit is protected
PR.DS-6: Integrity checking mechanisms are used to verify software, firmware, and information integrity",PR,,
,,,,,M14E) Validate inputs (as a consistency check) for the DER SCADA control commands,"PR.DS-6: Integrity checking mechanisms are used to verify software, firmware, and information integrity",DER,der.csv,,282,"PR.DS-6: Integrity checking mechanisms are used to verify software, firmware, and information integrity",PR,,
,,,,,M14F) Require intrusion detection and prevention as part of DER SCADA network management,"DE.DP-2: Detection activities comply with all applicable requirements
",DER,der.csv,,283,"DE.DP-2: Detection activities comply with all applicable requirements
",DE,,
,Threat Agent Spoofs DER Data Monitored by DER SCADA Systems,"A threat agent modifies the industrial and the larger commercial DER data being monitored by the utility distribution DER SCADA system in real-time, altering the
load value so that it is much higher than the actual value. Although this modification does not affect the monthly revenue metering for these DER systems, it causes the
utility to request and pay for additional ancillary services from a neighboring DER storage system.",V15A) System permits unauthorized changes to load value data in the DER SCADA communication protocols,I15A) Increased utility costs for unnecessary ancillary services,M15A) Use RBAC for the DER SCADA,"PR.AC-4: Access permissions and authorizations are managed, incorporating the principles of least privilege and separation of duties

",DER,der.csv,,284,"PR.AC-4: Access permissions and authorizations are managed, incorporating the principles of least privilege and separation of duties

",PR,15.0,
,,,V15B) System assumes data inputs and resulting calculations are accurate between load value and meter values,I15B) Utility legal costs for finding and litigating the threat agent,M15B) Authenticate data source for the DER SCADA protocols,DE.AE-1: A baseline of network operations and expected data flows for users and systems is established and managed,DER,der.csv,,285,DE.AE-1: A baseline of network operations and expected data flows for users and systems is established and managed,DE,,
,,,V15C)  Message modified by an adversary is either difficult or infeasible to distinguish from a valid message in the DER SCADA communication protocols,,M15C) Authenticate messages that convey the DER SCADA control commands,"PR.DS-2: Data-in-transit is protected
PR.DS-6: Integrity checking mechanisms are used to verify software, firmware, and information integrity",DER,der.csv,,286,"PR.DS-2: Data-in-transit is protected
PR.DS-6: Integrity checking mechanisms are used to verify software, firmware, and information integrity",PR,,
,,,"V15D) Users lack visibility of threat activity, specifically adversary presence on the network capable of intercepting and modifying messages",,"M15D) Require intrusion detection and prevention as part of DER SCADA network
management","DE.DP-2: Detection activities comply with all applicable requirements

",DER,der.csv,,287,"DE.DP-2: Detection activities comply with all applicable requirements

",DE,,
,DER SCADA System Issues Invalid Commands,"A threat agent breaches a DER SCADA system and causes the DER SCADA system to issue an invalid command to all DER systems. Since DER systems may react differently to invalid commands, the power system experiences immediate and rapid fluctuations as some DER systems shut down, while others go into default mode with no volt-var support, still others revert to full output, and a few become islanded microgrids. The distribution equipment tries to compensate automatically, but causes more problems as the voltage experiences severe surges and sags","V16A) System permits potentially harmful command sequences, in particular issuance
of commands with unknown impact on the DER systems","I16A) Power system rapid fluctuations that cause power quality problems for customers, including outages",M16A) Authenticate users accessing the DER SCADA system,"PR.AC-7: Users, devices, and other assets are authenticated (e.g., single-factor, multi-factor) commensurate with the risk of the transaction (e.g., individuals’ security and privacy risks and other organizational risks)",DER,der.csv,,288,"PR.AC-7: Users, devices, and other assets are authenticated (e.g., single-factor, multi-factor) commensurate with the risk of the transaction (e.g., individuals’ security and privacy risks and other organizational risks)",PR,16.0,
,,,V16B) System permits unauthorized changes to SCADA application data or software that allows the DER SCADA system to send invalid commands to DER systems,"I16B) Equipment damage (that can lead to loss of life) due to power system surges and
sags",M16B) Authenticate messages communicated in the DER SCADA network,"PR.DS-2: Data-in-transit is protected
PR.DS-6: Integrity checking mechanisms are used to verify software, firmware, and information integrity",DER,der.csv,,289,"PR.DS-2: Data-in-transit is protected
PR.DS-6: Integrity checking mechanisms are used to verify software, firmware, and information integrity",PR,,
,,,V16C) System relies on credentials that are easy to obtain for access to the SCADA DER system.,I16C) Transmission power quality problem,M16C) Use RBAC in the utility’s DER SCADA system,"PR.AC-4: Access permissions and authorizations are managed, incorporating the principles of least privilege and separation of duties",DER,der.csv,,290,"PR.AC-4: Access permissions and authorizations are managed, incorporating the principles of least privilege and separation of duties",PR,,
,,,,,M16D) Validate inputs that the DER system receives from the DER SCADA system,"PR.DS-6: Integrity checking mechanisms are used to verify software, firmware, and information integrity",DER,der.csv,,291,"PR.DS-6: Integrity checking mechanisms are used to verify software, firmware, and information integrity",PR,,
,,,,,M16E) Protect credentials that allow access to the DER SCADA network,"PR.AC-1: Identities and credentials are issued, managed, verified, revoked, and audited for authorized devices, users and processes",DER,der.csv,,292,"PR.AC-1: Identities and credentials are issued, managed, verified, revoked, and audited for authorized devices, users and processes",PR,,
,,,,,M16F) Protect credentials for DER SCADA application and operating system,"PR.AC-1: Identities and credentials are issued, managed, verified, revoked, and audited for authorized devices, users and processes",DER,der.csv,,293,"PR.AC-1: Identities and credentials are issued, managed, verified, revoked, and audited for authorized devices, users and processes",PR,,
,Utility Distributed Energy Resources Management System (DERMS) Miscalculates DER Energy/Service Requests,"A malicious individual modifies the utility DERMS system power flow analysis function (input, output, or power flow configuration) that determines what energy and ancillary services to request from the DER systems. Under these
modifications, the results still remain “reasonable,” but lead to benefits to some DER systems and to the detriment of others",V17A) System relies on credentials that are easy to obtain for access to the DERMS system,I17A) Financial gain for certain DER systems at the expense of the utility and/or other DER owners,M17A) Use RBAC in the utility’s DERMS system to limit those users authorized to change pricing signals,"PR.AC-4: Access permissions and authorizations are managed, incorporating the principles of least privilege and separation of duties",DER,der.csv,,294,"PR.AC-4: Access permissions and authorizations are managed, incorporating the principles of least privilege and separation of duties",PR,17.0,
,,,V17B) System assumes data inputs and resulting calculations are accurate in the software application and configuration data that provides DERMS power flow analysis functionality,I17B) Legal costs for litigation with adversely affected DER owners,M17B) Require multi-factor authentication for operationally critical modifications,"PR.AC-7: Users, devices, and other assets are authenticated (e.g., single-factor, multi-factor) commensurate with the risk of the transaction (e.g., individuals’ security and privacy risks and other organizational risks)",DER,der.csv,,295,"PR.AC-7: Users, devices, and other assets are authenticated (e.g., single-factor, multi-factor) commensurate with the risk of the transaction (e.g., individuals’ security and privacy risks and other organizational risks)",PR,,
,,,V17C) System permits unauthorized changes to the DERMS system power flow analysis function,,M17C) Require intrusion detection and prevention as part of the DERMS network and system management capabilities,DE.DP-2: Detection activities comply with all applicable requirements,DER,der.csv,,296,DE.DP-2: Detection activities comply with all applicable requirements,DE,,
,,,,,M17D) Create audit log for changes to DERMS power flow analysis configuration data,"PR.PT-1: Audit/log records are determined, documented, implemented, and reviewed in accordance with policy",DER,der.csv,,297,"PR.PT-1: Audit/log records are determined, documented, implemented, and reviewed in accordance with policy",PR,,
,,,,,"M17E) Generate alerts if DERMS power flow analysis configuration data or DERMS software is changed, or is changed at an unexpected time or to an unexpected value (based on the logging information)","DE.AE-5: Incident alert thresholds are established
PR.PT-1: Audit/log records are determined, documented, implemented, and reviewed in accordance with policy


",DER,der.csv,,298,"DE.AE-5: Incident alert thresholds are established
PR.PT-1: Audit/log records are determined, documented, implemented, and reviewed in accordance with policy


",DE,,
,Microgrid Disconnect Process Compromised via DERMS,"A threat agent gains access to the utility DERMS system and alters the conditions that determine when a utility has permission to disconnect a pre-established microgrid from the grid. This modification causes the microgrid either to disconnect at some random time in the future, or to prevent it from disconnecting even when it is supposed to disconnect (e.g., in the case of an outage)",V18A) Unnecessary access is permitted to system functions in the DERMS system,"I18A) Since the microgrid may not be prepared to disconnect from the grid or may be brought down during the grid outage, it will experience a complete outage",M18A) Use RBAC to limit those users authorized to change microgrid establishment permissions in the utility’s DERMS system,"PR.AC-4: Access permissions and authorizations are managed, incorporating the principles of least privilege and separation of duties
",DER,der.csv,,299,"PR.AC-4: Access permissions and authorizations are managed, incorporating the principles of least privilege and separation of duties
",PR,18.0,
,,,V18B) System permits unauthorized changes to utility permissions for microgrid disconnect,I18B) Legal costs for litigation with the adversely affected customers,"M18B) Require intrusion detection, as part of DERMS network and system management
capabilities",DE.DP-2: Detection activities comply with all applicable requirements,DER,der.csv,,300,DE.DP-2: Detection activities comply with all applicable requirements,DE,,
,,,V18C) System permits messages to be modified by unauthorized individuals to convey a command to modify utility permission for microgrid disconnect,,"M18C) Require multi-factor authentication for operationally critical functions, such as modifying configuration files","PR.AC-7: Users, devices, and other assets are authenticated (e.g., single-factor, multi-factor) commensurate with the risk of the transaction (e.g., individuals’ security and privacy risks and other organizational risks)
PR.IP-3: Configuration change control processes are in place",DER,der.csv,,301,"PR.AC-7: Users, devices, and other assets are authenticated (e.g., single-factor, multi-factor) commensurate with the risk of the transaction (e.g., individuals’ security and privacy risks and other organizational risks)
PR.IP-3: Configuration change control processes are in place",PR,,
,,,V18D) Message modified by an adversary is either difficult or infeasible to distinguish from a valid message,,M18D) Authenticate messages for administrative messages received by the utility DERMS,"PR.DS-2: Data-in-transit is protected
PR.DS-6: Integrity checking mechanisms are used to verify software, firmware, and information integrity",DER,der.csv,,302,"PR.DS-2: Data-in-transit is protected
PR.DS-6: Integrity checking mechanisms are used to verify software, firmware, and information integrity",PR,,
,,,,,"M18E) Check message integrity for administrative messages received by the utility
DERMS","PR.DS-6: Integrity checking mechanisms are used to verify software, firmware, and information integrity",DER,der.csv,,303,"PR.DS-6: Integrity checking mechanisms are used to verify software, firmware, and information integrity",PR,,
,Threat Agent Gains Access to Utility DERMS via FDEMS,"A threat agent uses a FDEMS to which they have full access, to access the utility’s DERMS system. The threat agent is able to modify the DER commands, schedules, and requests sent to other DER systems, making these settings beneficial to their own DER systems, and consequently less beneficial to other DER systems","V19A) System relies on credentials that are easy to obtain for access to modify the DERMS settings, when communicating using the FDEMS to DERMS protocol",I19A) Inefficient or cost-ineffective power system operated by the utility,M19A) Use RBAC in the utility’s DERMS system to limit privilege to modify DERMS settings,"PR.AC-4: Access permissions and authorizations are managed, incorporating the principles of least privilege and separation of duties
",DER,der.csv,,304,"PR.AC-4: Access permissions and authorizations are managed, incorporating the principles of least privilege and separation of duties
",PR,19.0,
,,,V19B) Unnecessary access is permitted to system functions in the DERMS system that modify settings that impact individual DER systems,I19B) Utility legal costs related to DER owner litigation for unfair practices,M19B) Validate inputs in the DERMS control commands,"PR.DS-6: Integrity checking mechanisms are used to verify software, firmware, and information integrity",DER,der.csv,,305,"PR.DS-6: Integrity checking mechanisms are used to verify software, firmware, and information integrity",PR,,
,,,"V19C) System permits messages to be modified by unauthorized individuals so that a message to the DERMS using the FDEMS communications channel appears to come from an entity authorized to change DERMS settings, and contains a request for such changes",,M19C) Authenticate messages received by the DERMS from FDEMS systems,"PR.DS-2: Data-in-transit is protected
PR.DS-6: Integrity checking mechanisms are used to verify software, firmware, and information integrity",DER,der.csv,,306,"PR.DS-2: Data-in-transit is protected
PR.DS-6: Integrity checking mechanisms are used to verify software, firmware, and information integrity",PR,,
,,,"V19D) Message modified by an adversary is either difficult or infeasible to distinguish from a valid message, in this case a change to the apparent source of the message as well as its contents",,M19D) Check message integrity for messages received by the DERMS from an FDEMS,"PR.DS-6: Integrity checking mechanisms are used to verify software, firmware, and information integrity
",DER,der.csv,,307,"PR.DS-6: Integrity checking mechanisms are used to verify software, firmware, and information integrity
",PR,,
,,,V19E) Users lack visibility that unauthorized changes were made to DERMS functions,,,,DER,der.csv,,308,nan,,,
,Compromised DERMS Weather Data Modifies DER Output Forecasts,"A threat agent accesses the DERMS system and modifies the weather data being used to forecast loads and DER generation/storage. Consequently, less than optimal requests are sent to DER systems, causing financial impacts to the utility",V20A) System relies on credentials that are easy to obtain for access to the DERMS system,I20A) Inefficient or cost-ineffective power system operated by the utility,M20A) Use RBAC in the utility’s DERMS system to limit privilege to access weather data,"PR.AC-4: Access permissions and authorizations are managed, incorporating the principles of least privilege and separation of duties



",DER,der.csv,,309,"PR.AC-4: Access permissions and authorizations are managed, incorporating the principles of least privilege and separation of duties



",PR,20.0,
,,,V20B) System permits messages to be modified by unauthorized individuals for the DERMS data access from remote locations,I20B) Financial impact to the utility,M20B) Authenticate messages in the DERMS communication protocols,"PR.DS-2: Data-in-transit is protected
PR.DS-6: Integrity checking mechanisms are used to verify software, firmware, and information integrity",DER,der.csv,,310,"PR.DS-2: Data-in-transit is protected
PR.DS-6: Integrity checking mechanisms are used to verify software, firmware, and information integrity",PR,,
,,,V20C) Message modified by an adversary is either difficult or infeasible to distinguish from a valid message for the DERMS data access from remote locations,I20C) Utility legal costs related to DER owner litigation for unfair practices,M20C) Check message integrity for the DERMS control commands,"PR.DS-6: Integrity checking mechanisms are used to verify software, firmware, and information integrity",DER,der.csv,,311,"PR.DS-6: Integrity checking mechanisms are used to verify software, firmware, and information integrity",PR,,
,,,V20D) Users lack visibility that unauthorized changes were made to DERMS data,,M20D) Validate inputs (for consistency) in the DERMS control commands,"PR.DS-6: Integrity checking mechanisms are used to verify software, firmware, and information integrity",DER,der.csv,,312,"PR.DS-6: Integrity checking mechanisms are used to verify software, firmware, and information integrity",PR,,
,DER System Registration Information Stolen from DERMS,"A threat agent accesses the DERMS systems and steals the customer DER registration information, using it for industrial espionage or other purposes, causing confidentiality impacts to these utility customers. For example, if stolen, this information could allow other DER owners to manipulate the retail (or wholesale) energy markets, for instance by bidding in prices or energy products that make it less likely the DER system (whose data was stolen) would be willing/able to bid, or if they did bid, making it less cost- effective for them",V21A) Unnecessary access is permitted to system functions in the DERMS system,I21A) Breach of utility confidential info,M21A) Use RBAC in the utility’s DERMS system,"PR.AC-4: Access permissions and authorizations are managed, incorporating the principles of least privilege and separation of duties



",DER,der.csv,,313,"PR.AC-4: Access permissions and authorizations are managed, incorporating the principles of least privilege and separation of duties



",PR,21.0,
,,,V21B) System makes private data accessible to unauthorized individuals while at rest,I21B) Financial losses due to the security breach,"M21B) Encrypt data at rest, specifically DER registration data",PR.DS-1: Data-at-rest is protected,DER,der.csv,,314,PR.DS-1: Data-at-rest is protected,PR,,
,,,V21C) System relies on credentials that are easy to obtain for access to customer DER registration information,,M21C) Require approved cryptographic algorithms for encrypting DER registration data,"PR.DS-2: Data-in-transit is protected


",DER,der.csv,,315,"PR.DS-2: Data-in-transit is protected


",PR,,
,,,,,M21D) Require intrusion detection and prevention as part of the DERMS network and system management capabilities,"DE.DP-2: Detection activities comply with all applicable requirements

",DER,der.csv,,316,"DE.DP-2: Detection activities comply with all applicable requirements

",DE,,
,,,,,M21E) Protect credentials that permit access to customer DER registration data,"PR.AC-1: Identities and credentials are issued, managed, verified, revoked, and audited for authorized devices, users and processes",DER,der.csv,,317,"PR.AC-1: Identities and credentials are issued, managed, verified, revoked, and audited for authorized devices, users and processes",PR,,
,,,,,M21F) Create audit log that records accesses to the registration data files,"PR.PT-1: Audit/log records are determined, documented, implemented, and reviewed in accordance with policy",DER,der.csv,,318,"PR.PT-1: Audit/log records are determined, documented, implemented, and reviewed in accordance with policy",PR,,
,Utility Makes Incorrect Decisions Based on Invalid DER Information,A threat agent obtains control of the DER management system of a Retail Energy Provider (REP) (who might be a department within a utility or could be a Third Party). The REP then provides invalid information to the utility grid operators on the future availability of large amounts of DER energy and ancillary services. This causes the grid operator to make less-than-optimal market decisions on purchasing energy and ancillary services,V22A) System relies on credentials that are easy to obtain for access to the DER system,I22A) Potential financial losses (or gains) for the customers owning the DER systems,M22A) Protect credentials for modification of planning data to be provided to the utility from the REP,"PR.AC-1: Identities and credentials are issued, managed, verified, revoked, and audited for authorized devices, users and processes",DER,der.csv,,319,"PR.AC-1: Identities and credentials are issued, managed, verified, revoked, and audited for authorized devices, users and processes",PR,22.0,
,,,,I22B) Major financial and reputation losses for the REP,M22B) Use Role-Based Access Control to limit privilege to modify planning data to be provided to the utility from REP,"PR.AC-4: Access permissions and authorizations are managed, incorporating the principles of least privilege and separation of duties",DER,der.csv,,320,"PR.AC-4: Access permissions and authorizations are managed, incorporating the principles of least privilege and separation of duties",PR,,
,,,,,M22C) Require strong passwords for modification of planning data to be provided to utility from the REP,"PR.AC-4: Access permissions and authorizations are managed, incorporating the principles of least privilege and separation of duties
PR.AC-7: Users, devices, and other assets are authenticated (e.g., single-factor, multi-factor) commensurate with the risk of the transaction (e.g., individuals’ security and privacy risks and other organizational risks)",DER,der.csv,,321,"PR.AC-4: Access permissions and authorizations are managed, incorporating the principles of least privilege and separation of duties
PR.AC-7: Users, devices, and other assets are authenticated (e.g., single-factor, multi-factor) commensurate with the risk of the transaction (e.g., individuals’ security and privacy risks and other organizational risks)",PR,,
,,,,,M22D) Require multi-factor authentication for modification of planning data to be provided to utility from the REP,"PR.AC-7: Users, devices, and other assets are authenticated (e.g., single-factor, multi-factor) commensurate with the risk of the transaction (e.g., individuals’ security and privacy risks and other organizational risks)",DER,der.csv,,322,"PR.AC-7: Users, devices, and other assets are authenticated (e.g., single-factor, multi-factor) commensurate with the risk of the transaction (e.g., individuals’ security and privacy risks and other organizational risks)",PR,,
,,,,,M22E) Require non-repudiation for data communicated to the utility from the REP,"PR.DS-6: Integrity checking mechanisms are used to verify software, firmware, and information integrity",DER,der.csv,,323,"PR.DS-6: Integrity checking mechanisms are used to verify software, firmware, and information integrity",PR,,
,,,,,"M22F) Create audit log of interactions with the DERMS system that would have impact
on the data ultimately sent to the utility","PR.PT-1: Audit/log records are determined, documented, implemented, and reviewed in accordance with policy",DER,der.csv,,324,"PR.PT-1: Audit/log records are determined, documented, implemented, and reviewed in accordance with policy",PR,,
,Retail Energy Provider Misuses Confidential/Private Information from DERMS,"A Retail Energy Provider (REP) that manages a group of DER systems normally receives commands from the DERMS on what energy levels and ancillary services that group of DER systems should provide. A threat agent accesses confidential or private information in the DERMS DER database on customers who own DER systems, and uses that information to “market” to those customers",V23A) System makes private data accessible to unauthorized individuals while in storage,I23A) Utility legal costs related to DER owner litigation for loss of confidential and private information,M23A) Use RBAC at the REP and in the utility’s DERMS system,"PR.AC-4: Access permissions and authorizations are managed, incorporating the principles of least privilege and separation of duties



",DER,der.csv,,325,"PR.AC-4: Access permissions and authorizations are managed, incorporating the principles of least privilege and separation of duties



",PR,23.0,
,,,"V23B) System relies on credentials that are easy to obtain for access to read private DER data, when communicating using the REP to DERMS protocol",,M23B) Authenticate messages in the DERMS protocols,"PR.DS-2: Data-in-transit is protected
PR.DS-6: Integrity checking mechanisms are used to verify software, firmware, and information integrity",DER,der.csv,,326,"PR.DS-2: Data-in-transit is protected
PR.DS-6: Integrity checking mechanisms are used to verify software, firmware, and information integrity",PR,,
,,,V23C) Message modified by an adversary is either difficult or infeasible to distinguish from a valid message in the DERMS communication protocols used to access REP systems,,M23C) Create audit log of all accesses to confidential information in the DERMS system,"PR.PT-1: Audit/log records are determined, documented, implemented, and reviewed in accordance with policy",DER,der.csv,,327,"PR.PT-1: Audit/log records are determined, documented, implemented, and reviewed in accordance with policy",PR,,
,,,V23D) Unnecessary access is permitted to system functions in the DERMS,,M23D) Isolate functions for retrieval of DER data required by an REP from the DERMS and for retrieval of private data associated with a DER,"PR.AC-5: Network integrity is protected
PR.AC-7: Users, devices, and other assets are authenticated (e.g., single-factor, multifactor) commensurate with the risk of the transaction (e.g., individuals' security and privacy risks and other organizational risks)",DER,der.csv,,328,"PR.AC-5: Network integrity is protected
PR.AC-7: Users, devices, and other assets are authenticated (e.g., single-factor, multifactor) commensurate with the risk of the transaction (e.g., individuals' security and privacy risks and other organizational risks)",PR,,
,,,,,"M23E) Generate alerts in the case of unauthorized access to confidential information,
and send them to the affected parties",DE.AE-5: Incident alert thresholds are established,DER,der.csv,,329,DE.AE-5: Incident alert thresholds are established,DE,,
,Threat Agent Unexpectedly Reduces Retail Energy Provider Output,A threat agent obtains control of the DER management system of a REP (who might be a department within a utility or could be a Third Party). The REP provides Information to the utility grid operators that all DER systems will continue to function normally but then the compromised DER management system shuts down large amounts of DER energy and ancillary services,V24A) System relies on credentials that are easy to obtain for access to the DER management system,I24A) Potential power outages for the grid operator,M24A) Restrict application access to the DER management system,"PR.AC-4: Access permissions and authorizations are managed, incorporating the principles of least privilege and separation of duties

",DER,der.csv,,330,"PR.AC-4: Access permissions and authorizations are managed, incorporating the principles of least privilege and separation of duties

",PR,24.0,
,,,V24B) System assumes data inputs and resulting calculations are accurate in the data from the REP,I24B) Potential financial losses for customers owning the DER systems,M24B) Protect credentials for access to functions that determine the energy to be available from an REP,"PR.AC-4: Access permissions and authorizations are managed, incorporating the principles of least privilege and separation of duties",DER,der.csv,,331,"PR.AC-4: Access permissions and authorizations are managed, incorporating the principles of least privilege and separation of duties",PR,,
,,,,I24C) Potential major financial and reputation losses for the REP,M24C) Require strong passwords for access to functions that determine the energy to be available from an REP,"PR.AC-1: Identities and credentials are issued, managed, verified, revoked, and audited for authorized devices, users and processes",DER,der.csv,,332,"PR.AC-1: Identities and credentials are issued, managed, verified, revoked, and audited for authorized devices, users and processes",PR,,
,,,,,M24D) Require multi-factor authentication for access to functions that determine the energy to be available from an REP,"PR.AC-7: Users, devices, and other assets are authenticated (e.g., single-factor, multi-factor) commensurate with the risk of the transaction (e.g., individuals’ security and privacy risks and other organizational risks)",DER,der.csv,,333,"PR.AC-7: Users, devices, and other assets are authenticated (e.g., single-factor, multi-factor) commensurate with the risk of the transaction (e.g., individuals’ security and privacy risks and other organizational risks)",PR,,
,,,,,M24E) Cross-check the DER data provided to the utility with the DER system performance,"PR.DS-6: Integrity checking mechanisms are used to verify software, firmware, and information integrity",DER,der.csv,,334,"PR.DS-6: Integrity checking mechanisms are used to verify software, firmware, and information integrity",PR,,
,Spoofed Microgrid Status Messages Cause Disconnect from Grid,"A threat agent spoofs messages that appear to come from a microgrid to the utility. The messages indicate that the pre-established conditions have been met for the utility to disconnect from the microgrid. The utility disconnects from the microgrid, even though these conditions are not actually met","V25A) System permits messages to be modified by unauthorized individuals (e.g., status messages from the microgrid)","I25A) Since the microgrid may not be prepared to disconnect from the grid or may be brought down during the grid outage, it will experience a complete outage","M25A) Authenticate messages that communicate microgrid status to the utility, where that status communicates whether or not pre-established disconnect conditions have been met","PR.DS-2: Data-in-transit is protected
PR.DS-6: Integrity checking mechanisms are used to verify software, firmware, and information integrity",DER,der.csv,,335,"PR.DS-2: Data-in-transit is protected
PR.DS-6: Integrity checking mechanisms are used to verify software, firmware, and information integrity",PR,25.0,
,,,"V25B) Message modified by an adversary is either difficult or infeasible to distinguish from a valid message (e.g., status messages from the microgrid).",I25B) Legal costs for litigation with the adversely affected customers,"M25B) Confirm action to disconnect microgrid with the microgrid operator, if microgrid
status indicates that pre-established disconnect conditions have been met","PR.DS-6: Integrity checking mechanisms are used to verify software, firmware, and information integrity",DER,der.csv,,336,"PR.DS-6: Integrity checking mechanisms are used to verify software, firmware, and information integrity",PR,,
,Wireless Signals are Jammed to Disrupt Monitoring and Control,"A threat agent uses a wireless signal jammer to disrupt wireless communications channels used to monitor and control distribution systems and substations. Examples are wireless local area network (LAN) communications for intersubstation differential protection, wireless communications between a distribution management system (DMS) and static VAR compensators (SVC), and communications to wireless monitoring equipment",V1A) System relies on communications that are easy to jam in physical radio frequency (RF) communications. Physical radio frequency (RF) communications are subject to deliberate jamming since few radio systems outside of the military have anti-jamming capability. Sustained jamming is less effective than intermittent jamming with the latter potentially causing the system to execute inappropriate or out of order commands,I1A) Reduced situational awareness and impaired ability to react to fluctuations in load and apply controlled remedies such as switching capacitor banks and triggering voltage regulators. This could cause voltage adjustment inefficiencies resulting in voltage sags and swells that can trigger unwanted over and under voltage trips on feeders or in substations,"M1A) Require spread-spectrum radios, with channel-hopping or switch to alternate
communication paths. Examples include:
o Switching from licensed band(s) to unlicensed band(s),
o Switching from unlicensed band(s) to licensed band(s),
o Transition from RF to fiber or copper land-lines,
o Transition from RF to dialup (possibly with degraded performance)","PR.PT-5: Mechanisms (e.g., failsafe, load balancing, hot swap) are implemented to achieve resilience requirements in normal and adverse situations",DGM,dgm.csv,,337,"PR.PT-5: Mechanisms (e.g., failsafe, load balancing, hot swap) are implemented to achieve resilience requirements in normal and adverse situations",PR,,1.0
,,,"V1B) System makes messages accessible to unauthorized individuals in wireless radio
signals","I1B) The uncoordinated capacitor banks due to loss of communications could conflict with substation load tap changer (LTC) actions, causing “hunting” or other inefficient actions that increase utility power losses and premature transformer failures",M1B) Require redundancy in communications channels when the wireless channel is no longer available,"PR.DS-4: Adequate capacity to ensure availability is maintained
PR.PT-5: Mechanisms (e.g., failsafe, load balancing, hot swap) are implemented to achieve resilience requirements in normal and adverse situations",DGM,dgm.csv,,338,"PR.DS-4: Adequate capacity to ensure availability is maintained
PR.PT-5: Mechanisms (e.g., failsafe, load balancing, hot swap) are implemented to achieve resilience requirements in normal and adverse situations",PR,,
,,,,I1C) Extreme or long-duration voltage and frequency instability can damage customer or utility equipment,M1C) Require safe mode in feeder devices such as capacitor banks and voltage regulators to have default states that rely on local electrical conditions if communications are lost,"PR.PT-5: Mechanisms (e.g., failsafe, load balancing, hot swap) are implemented to achieve resilience requirements in normal and adverse situations",DGM,dgm.csv,,339,"PR.PT-5: Mechanisms (e.g., failsafe, load balancing, hot swap) are implemented to achieve resilience requirements in normal and adverse situations",PR,,
,,,,"I1D) Disruption in wireless communications between pilot protection relays can
impede differential protection schemes, possibly leading to equipment damage in substations or feeders during fault conditions","M1D) Require redundancy via selected AMI meters or alternative devices that provide
redundant monitoring information that is out-of-band of compromised communications","PR.DS-4: Adequate capacity to ensure availability is maintained
PR.PT-5: Mechanisms (e.g., failsafe, load balancing, hot swap) are implemented to achieve resilience requirements in normal and adverse situations",DGM,dgm.csv,,340,"PR.DS-4: Adequate capacity to ensure availability is maintained
PR.PT-5: Mechanisms (e.g., failsafe, load balancing, hot swap) are implemented to achieve resilience requirements in normal and adverse situations",PR,,
,Shared Communications Leveraged to Disrupt DMS Communications,"Some utilities depend upon communication providers for long-haul and wide area network (WAN) communications for monitoring and control of their distribution system. Furthermore, utilities that provide their own communication network for critical functions often resell unused bandwidth to offset costs while others have spun off their communication network as a separate communications company. There is also a general trend toward economizing communications costs by sharing them. A threat agent could take advantage of these paradigms by compromising computer systems using the same network as the Distribution Management System (DMS) to facilitate a distributed denial of service attack through the infected computer system by means of a botnet centered on IP spoofing and Internet Control Message Protocol (ICMP) flooding. With the network overburdened, monitoring and control functions could become unavailable for optimization or protection",V2A) Communication channels are shared between different system owners that may reduce availability and reliability of entities or functions that rely on those channels. Attackers have demonstrated flooding attacks against communications paths up to optical carrier (OC) 48. These optical fiber connections carry 2400+ megabits per second and are typically used in regional Internet Service Provider networks,"I2A) Reduced situational awareness and impaired ability to react to fluctuations in
load and apply controlled remedies such as switching capacitor banks and triggering voltage regulators. This could cause voltage adjustment inefficiencies resulting in voltage sags and swells that can trigger unwanted over and under
voltage trips on feeders or in substations",M2A) Verify personnel (service providers) to ensure their services are secure and reliable,"ID.SC-4: Suppliers and third-party partners are routinely assessed using audits, test results, or other forms of evaluations to confirm they are meeting their contractual obligations.


",DGM,dgm.csv,,341,"ID.SC-4: Suppliers and third-party partners are routinely assessed using audits, test results, or other forms of evaluations to confirm they are meeting their contractual obligations.


",ID,,2.0
,,,V2B) Network services are shared between different system owners that increase the attack surface for the systems sharing the service. This requires a utility to put a certain level of trust in the systems sharing the communications channel and the entity that manages it,"I2B) The uncoordinated capacitor banks due to loss of communications could conflict
with substation load tap changer (LTC) actions, causing “hunting” or other inefficient actions that increase utility power losses and premature transformer failures","M2B) Verify personnel (customers) sharing the network are reputable, security conscious and using network resources appropriately",DE.CM-3: Personnel activity is monitored to detect potential cybersecurity events,DGM,dgm.csv,,342,DE.CM-3: Personnel activity is monitored to detect potential cybersecurity events,DE,,
,,,,I2C) Extreme or long-duration voltage and frequency instability can damage customer or utility equipment,M2C) Require safe mode in feeder devices such as capacitor banks and voltage regulators to have default states that rely on local electrical conditions if communications are lost,"PR.PT-5: Mechanisms (e.g., failsafe, load balancing, hot swap) are implemented to achieve resilience requirements in normal and adverse situations",DGM,dgm.csv,,343,"PR.PT-5: Mechanisms (e.g., failsafe, load balancing, hot swap) are implemented to achieve resilience requirements in normal and adverse situations",PR,,
,,,,"I2D) Disruption in wireless communications between pilot protection relays can impede differential protection schemes, possibly leading to equipment damage in substations or feeders during fault conditions","M2D) Require redundancy via selected AMI meters or alternative devices that provide
redundant monitoring information that is out-of-band of compromised communications","PR.DS-4: Adequate capacity to ensure availability is maintained
PR.PT-5: Mechanisms (e.g., failsafe, load balancing, hot swap) are implemented to achieve resilience requirements in normal and adverse situations",DGM,dgm.csv,,344,"PR.DS-4: Adequate capacity to ensure availability is maintained
PR.PT-5: Mechanisms (e.g., failsafe, load balancing, hot swap) are implemented to achieve resilience requirements in normal and adverse situations",PR,,
,Malicious Code Injected into Substation Equipment via Physical Access,"A threat agent injects malicious code into substation equipment through physical access of engineering serial ports or by memory update devices such as USB memory sticks, Secure Digital (SD) cards or Compact Flash (CF) cards. Examples of target equipment include communications concentrators, remote terminal units (RTUs), and protection relays. Malicious code could change device settings for purposes of rendering equipment inoperable, data gathering, denial of service, or misconfiguration",V3A)  Unnecessary access is permitted to system functions via engineering and console ports of substation equipment,I3A) Substation components could be modified to fail detection and clearing of bus and feeder faults (although these can be managed by reclosers which are not necessarily in the substation). These faults could lead to destruction of electrical grid equipment,M3A) Restrict device access (both physical and logical) to protective relays and other critical devices,"PR.AC-2: Physical access to assets is managed and protected
PR.AC-3: Remote access is managed
",DGM,dgm.csv,,345,"PR.AC-2: Physical access to assets is managed and protected
PR.AC-3: Remote access is managed
",PR,,3.0
,,,V3B)  System permits unauthorized changes to software and information,"I3B) Substation components could be reprogrammed to disallow feeder sectionalizing or service restoration via SCADA. However, these are frequently done manually","M3B) Check software execution integrity of software in substation equipment, since software may be compromised when loaded for execution","PR.DS-6: Integrity checking mechanisms are used to verify software, firmware, and information integrity",DGM,dgm.csv,,346,"PR.DS-6: Integrity checking mechanisms are used to verify software, firmware, and information integrity",PR,,
,,,V3C)  Physical access may be obtained by unauthorized individuals,"I3C) Modification of devices controlling VOLT/VAR equipment, including load tap
changers, SVCs, automatic voltage regulators, and synchronous condensers,could prevent direct voltage control leading to potential customer equipment damage, over/under voltage trips, or additional power losses",M3C) Configure for least functionality by disabling unused console and engineering ports on intelligent electronic devices (IEDs),PR.PT-3: The principle of least functionality is incorporated by configuring systems to provide only essential capabilities,DGM,dgm.csv,,347,PR.PT-3: The principle of least functionality is incorporated by configuring systems to provide only essential capabilities,PR,,
,,,V3D) Enabled but unused ports (unused engineering and console ports),I3D) Equipment firmware changes may create the need for equipment servicing that can be costly and time consuming,M3D) Create audit log of substation actions,"PR.PT-1: Audit/log records are determined, documented, implemented, and reviewed in accordance with policy",DGM,dgm.csv,,348,"PR.PT-1: Audit/log records are determined, documented, implemented, and reviewed in accordance with policy",PR,,
,,,,"I3E) Possible lack of monitoring capabilities reduces situational awareness, inhibits a
utility’s ability to react proactively, and could increase the number and duration of
failures","M3E) Generate alarms for any serious anomalies, such as connection changes and device configuration changes in substations","DE.AE-5: Incident alert thresholds are established
DE.CM-1: The network is monitored to detect potential cybersecurity events
PR.IP-3: Configuration change control processes are in place",DGM,dgm.csv,,349,"DE.AE-5: Incident alert thresholds are established
DE.CM-1: The network is monitored to detect potential cybersecurity events
PR.IP-3: Configuration change control processes are in place",DE,,
,,,,,"M3F) Restrict physical access to substation using, for example, card swipes, pin codes, etc.",PR.AC-2: Physical access to assets is managed and protected,DGM,dgm.csv,,350,PR.AC-2: Physical access to assets is managed and protected,PR,,
,,,,,M3G) Require video surveillance of the human interfaces to the DGM equipment,"DE.CM-2: The physical environment is monitored to detect potential cybersecurity events
",DGM,dgm.csv,,351,"DE.CM-2: The physical environment is monitored to detect potential cybersecurity events
",DE,,
,,,,,M3H) Restrict access to engineering functions,"PR.AC-4: Access permissions and authorizations are managed, incorporating the principles of least privilege and separation of duties",DGM,dgm.csv,,352,"PR.AC-4: Access permissions and authorizations are managed, incorporating the principles of least privilege and separation of duties",PR,,
,,,,,M3I) Maintain latest firmware for substation equipment,"PR.IP-1: A baseline configuration of information technology/industrial control systems is created and maintained incorporating security principles (e.g. concept of least functionality)
PR.IP-3: Configuration change control processes are in place",DGM,dgm.csv,,353,"PR.IP-1: A baseline configuration of information technology/industrial control systems is created and maintained incorporating security principles (e.g. concept of least functionality)
PR.IP-3: Configuration change control processes are in place",PR,,
,,,,,M3J) Use Role-Based Access Control to limit privileges for functions using engineering and console ports of substation equipment,"PR.AC-4: Access permissions and authorizations are managed, incorporating the principles of least privilege and separation of duties",DGM,dgm.csv,,354,"PR.AC-4: Access permissions and authorizations are managed, incorporating the principles of least privilege and separation of duties",PR,,
,,,,,M3K) Authenticate users for access to engineering and console ports where feasible,"PR.AC-7: Users, devices, and other assets are authenticated (e.g., single-factor, multi-factor) commensurate with the risk of the transaction (e.g., individuals’ security and privacy risks and other organizational risks)",DGM,dgm.csv,,355,"PR.AC-7: Users, devices, and other assets are authenticated (e.g., single-factor, multi-factor) commensurate with the risk of the transaction (e.g., individuals’ security and privacy risks and other organizational risks)",PR,,
,,,,,M3L) Restrict port access of device ports on substation equipment,"PR.PT-3: The principle of least functionality is incorporated by configuring systems to provide only essential capabilities
PR.IP-1: A baseline configuration of information technology/industrial control systems is created and maintained incorporating security principles (e.g. concept of least functionality)",DGM,dgm.csv,,356,"PR.PT-3: The principle of least functionality is incorporated by configuring systems to provide only essential capabilities
PR.IP-1: A baseline configuration of information technology/industrial control systems is created and maintained incorporating security principles (e.g. concept of least functionality)",PR,,
,Malicious Code Injected into Substation Equipment via Remote Access,"A threat agent uploads malicious code into substation equipment via remote engineering access, either through an IP network WAN or dialup to a linesharing switch (LSS). Examples of target equipment include communication concentrators, RTUs, and protection relays. Connections with peers are another avenue of attack. Some distribution substations, particularly in urban environments, use Bluetooth or ZigBee for access to reduce the need for crews to install underground cables. Malicious code could change device settings for purposes of rendering equipment inoperable, data gathering, denial of service, or misconfiguration",V4A) Unnecessary access is permitted to the communications channel for remote substation WAN communications,I4A) Substation components could be modified to fail detection and clearing of bus and feeder faults (although these can be managed by reclosers which are not necessarily in the substation). These faults could lead to destruction of electrical grid equipment,M4A) Restrict remote access to protective relays and other critical devices,"PR.AC-3: Remote access is managed



",DGM,dgm.csv,,357,"PR.AC-3: Remote access is managed



",PR,,4.0
,,,"V4B) Software patches are not checked regularly to ensure that they are current, System permits bypass of physical access controls via dialup LSS or wireless access","I4B) Substation components could be reprogrammed to disallow feeder sectionalizing or service restoration via SCADA. However, these are frequently done manually",M4B) Create audit log of substation actions,"PR.PT-1: Audit/log records are determined, documented, implemented, and reviewed in accordance with policy",DGM,dgm.csv,,358,"PR.PT-1: Audit/log records are determined, documented, implemented, and reviewed in accordance with policy",PR,,
,,,,I4C) Equipment firmware changes may create the need for equipment servicing that can be costly and time consuming,"M4C) Generate alarms for any serious anomalies, such as connection changes and
device configuration changes,","DE.AE-5: Incident alert thresholds are established
DE.CM-1: The network is monitored to detect potential cybersecurity events
PR.IP-3: Configuration change control processes are in place",DGM,dgm.csv,,359,"DE.AE-5: Incident alert thresholds are established
DE.CM-1: The network is monitored to detect potential cybersecurity events
PR.IP-3: Configuration change control processes are in place",DE,,
,,,,"I4D) Possible lack of monitoring capabilities reduces situational awareness, inhibits a
utility’s ability to react proactively, and could increase the number and duration of
failures",M4D) Maintain patches for all substation communication equipment,"PR.IP-1: A baseline configuration of information technology/industrial control systems is created and maintained incorporating security principles (e.g. concept of least functionality)
PR.IP-3: Configuration change control processes are in place",DGM,dgm.csv,,360,"PR.IP-1: A baseline configuration of information technology/industrial control systems is created and maintained incorporating security principles (e.g. concept of least functionality)
PR.IP-3: Configuration change control processes are in place",PR,,
,,,,,M4E) Maintain anti-virus on substation equipment,DE.CM-4: Malicious code is detected,DGM,dgm.csv,,361,DE.CM-4: Malicious code is detected,DE,,
,,,,,M4F) Require application whitelisting on substation equipmen,PR.PT-3: The principle of least functionality is incorporated by configuring systems to provide only essential capabilities,DGM,dgm.csv,,362,PR.PT-3: The principle of least functionality is incorporated by configuring systems to provide only essential capabilities,PR,,
,,,,,M4G) Authenticate users in the substation network (possibly two factor authentication),"PR.AC-7: Users, devices, and other assets are authenticated (e.g., single-factor, multi-factor) commensurate with the risk of the transaction (e.g., individuals’ security and privacy risks and other organizational risks)",DGM,dgm.csv,,363,"PR.AC-7: Users, devices, and other assets are authenticated (e.g., single-factor, multi-factor) commensurate with the risk of the transaction (e.g., individuals’ security and privacy risks and other organizational risks)",PR,,
,,,,,M4H) Require VPNs in the substation network,"PR.AC-3: Remote access is managed
PR.PT-4: Communications and control networks are protected",DGM,dgm.csv,,364,"PR.AC-3: Remote access is managed
PR.PT-4: Communications and control networks are protected",PR,,
,Remote Access Used to Compromise DMS,"A threat agent compromises distribution management system (DMS) functionality through remote access modification of executable programs and libraries,
rendering the DMS inoperable",V5A) System permits unauthorized changes to software files,"I5A) Reduced situational awareness and impaired ability to react to fluctuations in
load and apply controlled remedies",M5A) Maintain patches on DMS systems,"PR.IP-1: A baseline configuration of information technology/industrial control systems is created and maintained incorporating security principles (e.g. concept of least functionality)
PR.IP-3: Configuration change control processes are in place",DGM,dgm.csv,,365,"PR.IP-1: A baseline configuration of information technology/industrial control systems is created and maintained incorporating security principles (e.g. concept of least functionality)
PR.IP-3: Configuration change control processes are in place",PR,,5.0
,,,V5B) Software patches are not checked regularly to ensure that they are current,I5B) Possible increase in outage durations,M5B) Create audit log of all program changes and updates,"PR.PT-1: Audit/log records are determined, documented, implemented, and reviewed in accordance with policy
PR.IP-3: Configuration change control processes are in place",DGM,dgm.csv,,366,"PR.PT-1: Audit/log records are determined, documented, implemented, and reviewed in accordance with policy
PR.IP-3: Configuration change control processes are in place",PR,,
,,,V5C) Remote access may be obtained by unauthorized individuals* to DMS systems,I5C) Decrease in operational efficiency and increase in utility power losses,"M5C) Detect abnormal behavior of voltage on feeders via selected AMI meters or
alternative devices that provide redundant information","DE.CM-1: The network is monitored to detect potential cybersecurity events
DE.AE-3: Event data are collected and correlated from multiple sources and sensors",DGM,dgm.csv,,367,"DE.CM-1: The network is monitored to detect potential cybersecurity events
DE.AE-3: Event data are collected and correlated from multiple sources and sensors",DE,,
,,,V5D) System relies on credentials that are easy to obtain for access to systems,I5D) Decrease in service reliability,"M5D) Check software file integrity (digital signatures) for driver installation,","PR.DS-6: Integrity checking mechanisms are used to verify software, firmware, and information integrity",DGM,dgm.csv,,368,"PR.DS-6: Integrity checking mechanisms are used to verify software, firmware, and information integrity",PR,,
,,,,I5E) Decrease in customer satisfaction,M5E) Require intrusion detection and prevention on DMS hosts,"DE.DP-2: Detection activities comply with all applicable requirements
",DGM,dgm.csv,,369,"DE.DP-2: Detection activities comply with all applicable requirements
",DE,,
,,,,,"M5F) Implement configuration management for all software updates including patches
and firmware updates","PR.IP-3: Configuration change control processes are in place
PR.MA-1: Maintenance and repair of organizational assets are performed and logged, with approved and controlled tools
PR.IP-1: A baseline configuration of information technology/industrial control systems is created and maintained incorporating security principles (e.g. concept of least functionality)",DGM,dgm.csv,,370,"PR.IP-3: Configuration change control processes are in place
PR.MA-1: Maintenance and repair of organizational assets are performed and logged, with approved and controlled tools
PR.IP-1: A baseline configuration of information technology/industrial control systems is created and maintained incorporating security principles (e.g. concept of least functionality)",PR,,
,,,,,M5G) Maintain anti-virus on DMS hosts,DE.CM-4: Malicious code is detected,DGM,dgm.csv,,371,DE.CM-4: Malicious code is detected,DE,,
,,,,,M5H) Require application whitelisting on DMS hosts,PR.PT-3: The principle of least functionality is incorporated by configuring systems to provide only essential capabilities,DGM,dgm.csv,,372,PR.PT-3: The principle of least functionality is incorporated by configuring systems to provide only essential capabilities,PR,,
,,,,,M5I) Use Role-Based Access Control to limit privileges to modify software files,"PR.AC-4: Access permissions and authorizations are managed, incorporating the principles of least privilege and separation of duties",DGM,dgm.csv,,373,"PR.AC-4: Access permissions and authorizations are managed, incorporating the principles of least privilege and separation of duties",PR,,
,,,,,M5J) Require backup of DMS when primary DMS is inoperable,"PR.PT-5: Mechanisms (e.g., failsafe, load balancing, hot swap) are implemented to achieve resilience requirements in normal and adverse situations
ID.BE-5: Resilience requirements to support delivery of critical services are established for all operating states (e.g. under duress/attack, during recovery, normal operations)",DGM,dgm.csv,,374,"PR.PT-5: Mechanisms (e.g., failsafe, load balancing, hot swap) are implemented to achieve resilience requirements in normal and adverse situations
ID.BE-5: Resilience requirements to support delivery of critical services are established for all operating states (e.g. under duress/attack, during recovery, normal operations)",PR,,
,Spoofed Substation Field Devices Influence Automated Responses,Threat agent spoofs data inputs from field devices at substations and below to cause the DMS to report a false system state. This could cause operator or automated responses that are inappropriate,V6A) System permits messages to be modified by unauthorized individuals in the communications between field devices and the DMS,"I6A) Inappropriate fault-clearing actions, feeder sectionalization, and overuse of remedial capabilities leading to loss of power to customers",M6A) Authenticate messages in communication from field devices to control centers,"PR.DS-2: Data-in-transit is protected
PR.DS-6: Integrity checking mechanisms are used to verify software, firmware, and information integrity",DGM,dgm.csv,,375,"PR.DS-2: Data-in-transit is protected
PR.DS-6: Integrity checking mechanisms are used to verify software, firmware, and information integrity",PR,,6.0
,,,V6B) Message modified by an adversary is either difficult or infeasible to distinguish from a valid message in the communications between field devices and the DMS,"I6B) Volt/VAR controls are wrongly applied or adjusted based on erroneous data, possibly triggering over/under voltage trips","M6B) Detect unusual patterns of inputs that could indicate they are not trustworthy, by comparing inputs to each other and previous inputs","DE.CM-1: The network is monitored to detect potential cybersecurity events
DE.AE-3: Event data are collected and correlated from multiple sources and sensors",DGM,dgm.csv,,376,"DE.CM-1: The network is monitored to detect potential cybersecurity events
DE.AE-3: Event data are collected and correlated from multiple sources and sensors",DE,,
,,,V6C) System makes messages accessible to unauthorized individuals,"I6C) Collected meter data is incorrect or inaccurate, leading to possible loss in revenue",M6C) Restrict communication access,"PR.PT-4: Communications and control networks are protected
PR.AC-4: Access permissions and authorizations are managed, incorporating the principles of least privilege and separation of duties",DGM,dgm.csv,,377,"PR.PT-4: Communications and control networks are protected
PR.AC-4: Access permissions and authorizations are managed, incorporating the principles of least privilege and separation of duties",PR,,
,,,,,M6D) Encrypt communication paths,"PR.PT-4: Communications and control networks are protected
PR.DS-2: Data-in-transit is protected",DGM,dgm.csv,,378,"PR.PT-4: Communications and control networks are protected
PR.DS-2: Data-in-transit is protected",PR,,
,QoS Spoofed to Create Denial of Service for DGM Communications,"Assuming the same communications system serves DGM, DR, AMI, and many other services at the distribution level, a Quality of Service (QoS) allocation of bandwidth is necessary. QoS can be spoofed and if end device classifications are trusted, a threat agent can escalate the priority of malevolent data streams. If denial of service is the goal, the threat agent could spoof the QoS of flooded ICMP packets to prevent the transmission and reception of monitoring and control packets",V7A) System assumes data inputs and resulting calculations are accurate for QoS mechanisms that rely on devices to report their own classification,"I7A) An end device could cause a denial of service to critical applications such as control of feeder sectionalizers and capacitor banks. In combination with a volatile electrical grid situation, this could lead to power failures",M7A) Profile equipment (end devices) based on their association with ports and traffic,DE.AE-1: A baseline of network operations and expected data flows for users and systems is established and managed,DGM,dgm.csv,,379,DE.AE-1: A baseline of network operations and expected data flows for users and systems is established and managed,DE,,7.0
,,,V7B) Network interfaces permit unnecessary traffic flows to communication networks,I7B) Reduced situational awareness and impaired ability to react to fluctuations in load and apply controlled remedies such as switching capacitor banks and triggering voltage regulators. This could cause voltage adjustment inefficiencies resulting in voltage sags and swells that can trigger unwanted over and under voltage trips on feeders or in substations,M7B) Design for trust by analysis of equipment profiles,PR.IP-1: A baseline configuration of information technology/industrial control systems is created and maintained incorporating security principles (e.g. concept of least functionality),DGM,dgm.csv,,380,PR.IP-1: A baseline configuration of information technology/industrial control systems is created and maintained incorporating security principles (e.g. concept of least functionality),PR,,
,,,,"I7C) Extreme or long-duration voltage and frequency instability can damage customer
or utility equipment",M7C) Restrict network access to the control system network,"PR.AC-5: Network integrity is protected (e.g., network segregation, network segmentation)
PR.AC-4: Access permissions and authorizations are managed, incorporating the principles of least privilege and separation of duties",DGM,dgm.csv,,381,"PR.AC-5: Network integrity is protected (e.g., network segregation, network segmentation)
PR.AC-4: Access permissions and authorizations are managed, incorporating the principles of least privilege and separation of duties",PR,,
,,,,"I7D) Denial of service in wireless communications between pilot protection relays can impede differential protection schemes, possibly leading to equipment damage in substations or feeders during fault conditions",M7D) Encrypt communication paths to prevent spoofing,"PR.PT-4: Communications and control networks are protected
PR.DS-2: Data-in-transit is protected",DGM,dgm.csv,,382,"PR.PT-4: Communications and control networks are protected
PR.DS-2: Data-in-transit is protected",PR,,
,,,,,M7E) Authenticate users to prevent spoofing,"PR.AC-7: Users, devices, and other assets are authenticated (e.g., single-factor, multi-factor) commensurate with the risk of the transaction (e.g., individuals’ security and privacy risks and other organizational risks)",DGM,dgm.csv,,383,"PR.AC-7: Users, devices, and other assets are authenticated (e.g., single-factor, multi-factor) commensurate with the risk of the transaction (e.g., individuals’ security and privacy risks and other organizational risks)",PR,,
,Supply Chain Vulnerabilities Used to Compromise DGM Equipment,"Lifecycle attacks against equipment during development, production, shipping, and maintenance can introduce deliberate errors that will result in failure under special conditions. For example, a threat agent might upload modified firmware in a relay during production that introduces a back door for changing relay settings and set
points. This could render the relay inoperable or cause it to operate unexpectedly",V8A) System permits unauthorized changes during software/firmware development,"I8A) Any ill effect, including the most severe, is possible using this mechanism",M8A) Require spares for critical components,"PR.DS-4: Adequate capacity to ensure availability is maintained


",DGM,dgm.csv,,384,"PR.DS-4: Adequate capacity to ensure availability is maintained


",PR,,8.0
,,,"V8B) System permits unauthorized changes to software/firmware at suppliers of equipment, maintenance, and transportation",,M8B) Implement configuration management for developers of equipment,"PR.IP-3: Configuration change control processes are in place
",DGM,dgm.csv,,385,"PR.IP-3: Configuration change control processes are in place
",PR,,
,,,"V8C) System permits unauthorized changes to software/firmware by utility employees
with access to modify field equipment",,"M8C) Verify personnel, including developers of equipment, utility employees, and contract maintenance personnel through thorough employee background checks","PR.IP-11: Cybersecurity is included in human resources practices (e.g., deprovisioning, personnel screening)",DGM,dgm.csv,,386,"PR.IP-11: Cybersecurity is included in human resources practices (e.g., deprovisioning, personnel screening)",PR,,
,,,,,M8D) Conduct code reviews on DMS systems,PR.IP-2: A System Development Life Cycle to manage systems is implemented,DGM,dgm.csv,,387,PR.IP-2: A System Development Life Cycle to manage systems is implemented,PR,,
,,,,,M8E) Vulnerability scan before installation of the code base,"PR.IP-2: A System Development Life Cycle to manage systems is implemented
DE.CM-8: Vulnerability scans are performed",DGM,dgm.csv,,388,"PR.IP-2: A System Development Life Cycle to manage systems is implemented
DE.CM-8: Vulnerability scans are performed",PR,,
,,,,,M8F) Create audit log of all code changes,"PR.IP-3: Configuration change control processes are in place
PR.PT-1: Audit/log records are determined, documented, implemented, and reviewed in accordance with policy
",DGM,dgm.csv,,389,"PR.IP-3: Configuration change control processes are in place
PR.PT-1: Audit/log records are determined, documented, implemented, and reviewed in accordance with policy
",PR,,
,,,,,M8G) Restrict access to software/firmware during development,"PR.AC-4: Access permissions and authorizations are managed, incorporating the principles of least privilege and separation of duties
PR.DS-7: The development and testing environment(s) are separate from the production environment",DGM,dgm.csv,,390,"PR.AC-4: Access permissions and authorizations are managed, incorporating the principles of least privilege and separation of duties
PR.DS-7: The development and testing environment(s) are separate from the production environment",PR,,
,,,,,"M8H) Confirm action taken by contract maintenance personnel that modifies
equipment","PR.MA-1: Maintenance and repair of organizational assets are performed and logged, with approved and controlled tools
PR.IP-3: Configuration change control processes are in place",DGM,dgm.csv,,391,"PR.MA-1: Maintenance and repair of organizational assets are performed and logged, with approved and controlled tools
PR.IP-3: Configuration change control processes are in place",PR,,
,,,,,M8I) Enforce least privilege for utility employees for access to modify field equipment,"PR.AC-4: Access permissions and authorizations are managed, incorporating the principles of least privilege and separation of duties",DGM,dgm.csv,,392,"PR.AC-4: Access permissions and authorizations are managed, incorporating the principles of least privilege and separation of duties",PR,,
,,,,,M8J) Design for trust by introducing the concept of devices of varying degrees of trust along with associated certifications for their associated supply chains,"ID.SC-2: Suppliers and third party partners of information systems, components, and services are identified, prioritized, and assessed using a cyber supply chain risk assessment process
PR.IP-1: A baseline configuration of information technology/industrial control systems is created and maintained incorporating security principles (e.g. concept of least functionality) 
",DGM,dgm.csv,,393,"ID.SC-2: Suppliers and third party partners of information systems, components, and services are identified, prioritized, and assessed using a cyber supply chain risk assessment process
PR.IP-1: A baseline configuration of information technology/industrial control systems is created and maintained incorporating security principles (e.g. concept of least functionality) 
",ID,,
,Weakened Security during Disaster enables DGM Compromise,"A threat agent could take advantage of the confusion, lack of security, and hasty reconstitution of the distribution grid after a disaster. For example, a threat agent could delay the recovery effort by leveraging temporary communications with low security to access DMS to switch breakers. Likewise this objective could be achieved by subverting weak physical security at substations (due to damage or communication outages) to access engineering or console ports or relays to change settings and render them inoperable. Further, the interception of temporary communications with low security might support reconnaissance of high priority vulnerabilities to aid in future attacks","V9A) Emergency response policy, procedures, or execution intentionally disregards security controls to speed recovery","I9A) Delay, damage, disruption, or denial of the recovery effort",M9A) Implement configuration management of the DGM systems before and after disasters,"PR.IP-3: Configuration change control processes are in place



",DGM,dgm.csv,,394,"PR.IP-3: Configuration change control processes are in place



",PR,,9.0
,,,V9B) Emergency response procedures unintentionally omit security controls either in the procedures themselves or during their execution,"I9B) Damage, disruption, or destruction of a system or components long after the disaster recovery",M9B) Define policy for emergency response that ensure security during a recovery effort,PR.IP-9: Response plans (Incident Response and Business Continuity) and recovery plans (Incident Recovery and Disaster Recovery) are in place and managed,DGM,dgm.csv,,395,PR.IP-9: Response plans (Incident Response and Business Continuity) and recovery plans (Incident Recovery and Disaster Recovery) are in place and managed,PR,,
,,,,"I9C) Theft of historian, configuration, or customer information that could support future
attacks",M9C) Prioritize recovery activities for physical security including personnel authentication and access control during the recovery effort,"ID.BE-5: Resilience requirements to support delivery of critical services are established for all operating states (e.g. under duress/attack, during recovery, normal operations)
PR.AC-2: Physical access to assets is managed and protected",DGM,dgm.csv,,396,"ID.BE-5: Resilience requirements to support delivery of critical services are established for all operating states (e.g. under duress/attack, during recovery, normal operations)
PR.AC-2: Physical access to assets is managed and protected",ID,,
,,,,,"M9D) Review recovery response after the disaster to verify repairs, configurations, and
changes are correct","RC.IM-1: Recovery plans incorporate lessons learned
PR.IP-9: Response plans (Incident Response and Business Continuity) and recovery plans (Incident Recovery and Disaster Recovery) are in place and managed",DGM,dgm.csv,,397,"RC.IM-1: Recovery plans incorporate lessons learned
PR.IP-9: Response plans (Incident Response and Business Continuity) and recovery plans (Incident Recovery and Disaster Recovery) are in place and managed",RC,,
,,,,,M9D) Verify correct operation on the DGM systems before deployment.,PR.DS-8: Integrity checking mechanisms are used to verify hardware integrity,DGM,dgm.csv,,398,PR.DS-8: Integrity checking mechanisms are used to verify hardware integrity,PR,,
,Switched Capacitor Banks are Manipulated to Degrade Power Quality,"Switched capacitor banks can create large switching transients when connected to a utility feeder, generating voltage spikes up to twice the rated voltage and can be exacerbated when two are switched on back-to-back. A threat agent social engineers DMS Human Machine Interface (HMI) passwords to gain control of switched capacitor bank relays to repeatedly switch capacitor banks on and off, generating cascading voltage spikes and instability to trip protection devices","V10A) Workforce may be unaware of recommended precautions to block social engineering attacks, such as impersonating persons of authority, phishing and rogue USB devices",I10A) Repeated voltage spikes may damage customer or utility equipment,"M10A) Train personnel on the threat of social engineering attacks and perform social
engineering exercises (such as company generated phishing emails or rogue USB drives) to engage employees","PR.AT-1: All users are informed and trained 
",DGM,dgm.csv,,399,"PR.AT-1: All users are informed and trained 
",PR,,10.0
,,,V10B) Physical access may be obtained by unauthorized individuals to DMS,I10B) Possible loss of customer power due to false operation of protective devices,"M10B) Require synchronous functions for closing control, surge arrestors, or preinsertion resistors to minimize capacitor bank switching transients","ID.BE-4: Dependencies and critical functions for delivery of critical services are established
PR.IP-1: A baseline configuration of information technology/industrial control systems is created and maintained incorporating security principles (e.g. concept of least functionality)",DGM,dgm.csv,,400,"ID.BE-4: Dependencies and critical functions for delivery of critical services are established
PR.IP-1: A baseline configuration of information technology/industrial control systems is created and maintained incorporating security principles (e.g. concept of least functionality)",ID,,
,,,V10C) Users and hardware/software entities are given access unnecessary for their roles to critical DMS functions,,M10C) Restrict physical access to engineering consoles and HMIs,PR.AC-2: Physical access to assets is managed and protected,DGM,dgm.csv,,401,PR.AC-2: Physical access to assets is managed and protected,PR,,
,,,V10D) Insiders with high potential for criminal or malicious behavior have access to critical functions or sensitive data in the DMS system,,M10D) Enforce least privilege for access to critical DMS functions,"PR.AC-4: Access permissions and authorizations are managed, incorporating the principles of least privilege and separation of duties",DGM,dgm.csv,,402,"PR.AC-4: Access permissions and authorizations are managed, incorporating the principles of least privilege and separation of duties",PR,,
,,,,,M10E) Verify personnel that have access to critical DMS functions,"PR.AC-4: Access permissions and authorizations are managed, incorporating the principles of least privilege and separation of duties",DGM,dgm.csv,,403,"PR.AC-4: Access permissions and authorizations are managed, incorporating the principles of least privilege and separation of duties",PR,,
,,,,,M10F) Require single sign-on practices,"PR.AC-7: Users, devices, and other assets are authenticated (e.g., single-factor, multi-factor) commensurate with the risk of the transaction (e.g., individuals’ security and privacy risks and other organizational risks)",DGM,dgm.csv,,404,"PR.AC-7: Users, devices, and other assets are authenticated (e.g., single-factor, multi-factor) commensurate with the risk of the transaction (e.g., individuals’ security and privacy risks and other organizational risks)",PR,,
,Threat Agent Triggers Blackout via Remote Access to Distribution System,"A threat agent performs reconnaissance of utility communications, electrical infrastructure, and ancillary systems to identify critical feeders and electrical equipment. Threat agent gains access to selected elements of the utility DMS system - which includes all distribution automation systems and equipment in control rooms substations, and on pole tops - via remote connections. After gaining the required access, the threat agent manufactures an artificial cascade through sequential tripping of select critical feeders and components, causing automated tripping of generation sources due to power and voltage fluctuations. A blackout of varying degree and potential equipment damage ensues. The remote connections might be established using a variety of methods or combination of methods. These include, but are not limited to, using a lost, stolen, or acquired utility linemen’s laptop to access the DMS directly; compromising an active remote maintenance connection used for vendor DMS application maintenance; taking advantage of an accidental bridged connection to the internet due to DMS misconfiguration; or subverting distribution control communications directly","V11A) Physical access to mobile devices may enable logical access to business functions by unauthorized individuals,* specifically linemen and maintenance
personnel company laptops used for remote connections",I11A) Loss of customer power,M11A) Require strong passwords with complexity requirements for company devices and systems,"PR.AC-7: Users, devices, and other assets are authenticated (e.g., single-factor, multi-factor) commensurate with the risk of the transaction (e.g., individuals’ security and privacy risks and other organizational risks)",DGM,dgm.csv,,405,"PR.AC-7: Users, devices, and other assets are authenticated (e.g., single-factor, multi-factor) commensurate with the risk of the transaction (e.g., individuals’ security and privacy risks and other organizational risks)",PR,,11.0
,,,V11B) System relies on credentials that are easy to obtain for access to company computers,I11A) Disclosure of proprietary utility documents or information,M11B) Train personnel to protect company information and documents from unauthorized disclosure,PR.AT-1: All users are informed and trained ,DGM,dgm.csv,,406,PR.AT-1: All users are informed and trained ,PR,,
,,,"V11C) Physical access may be obtained by unauthorized individuals to proprietary utility
documents and information",I11A) Possible customer and utility equipment damage,"M11C) Define policy on handling sensitive information. This includes substation one-line
diagrams, equipment information, communication architectures, protection
schemes, load profiles, etc.","ID.GV-1: Organizational cybersecurity policy is established and communicated
PR.DS-5: Protections against data leaks are implemented",DGM,dgm.csv,,407,"ID.GV-1: Organizational cybersecurity policy is established and communicated
PR.DS-5: Protections against data leaks are implemented",ID,,
,,,"V11D) Configuration changes are not verified for correctness to prevent and detect human error in data center configuration (e.g., Ethernet cable plugged into wrong port)",,"M11D) Train personnel (operations and maintenance employees) to handle and protect
company computing devices securely, incorporating two-factor authentication,
requirements on storing devices, and reporting instructions in cases of loss or theft",PR.AT-1: All users are informed and trained ,DGM,dgm.csv,,408,PR.AT-1: All users are informed and trained ,PR,,
,,,V11E) System permits unauthorized changes by allowing remote access for vendors to do application maintenance and troubleshooting,,M11E) Create audit log of all changes in HMI control actions,"PR.PT-1: Audit/log records are determined, documented, implemented, and reviewed in accordance with policy
",DGM,dgm.csv,,409,"PR.PT-1: Audit/log records are determined, documented, implemented, and reviewed in accordance with policy
",PR,,
,,,V11F) System makes messages accessible to unauthorized individuals in the distribution control communication channel,,"M11F) Restrict remote access of vendor connections (e.g., physically disconnect remote
connections when not in use)","PR.MA-2: Remote maintenance of organizational assets is approved, logged, and performed in a manner that prevents unauthorized access
PR.AC-3: Remote access is managed",DGM,dgm.csv,,410,"PR.MA-2: Remote maintenance of organizational assets is approved, logged, and performed in a manner that prevents unauthorized access
PR.AC-3: Remote access is managed",PR,,
,,,"V11G) System design limits opportunity for system recovery using reconfiguration such as distribution networks that are more radial in nature than meshed, making network reconfiguration to restore power more difficult",,M11G) Encrypt communication paths for distribution control communications,"PR.PT-4: Communications and control networks are protected
PR.DS-2: Data-in-transit is protected


",DGM,dgm.csv,,411,"PR.PT-4: Communications and control networks are protected
PR.DS-2: Data-in-transit is protected


",PR,,
,,,,,M11H) Require two-person rule for to verify correct DMS configuration,"PR.AC-4: Access permissions and authorizations are managed, incorporating the principles of least privilege and separation of duties
PR.IP-1: A baseline configuration of information technology/industrial control systems is created and maintained incorporating security principles (e.g. concept of least functionality)",DGM,dgm.csv,,412,"PR.AC-4: Access permissions and authorizations are managed, incorporating the principles of least privilege and separation of duties
PR.IP-1: A baseline configuration of information technology/industrial control systems is created and maintained incorporating security principles (e.g. concept of least functionality)",PR,,
,,,,,M11I) Implement configuration management for configuration documents,PR.IP-3: Configuration change control processes are in place,DGM,dgm.csv,,413,PR.IP-3: Configuration change control processes are in place,PR,,
,,,,,M11J) Confirm action to modify data center physical configuration,PR.IP-3: Configuration change control processes are in place,DGM,dgm.csv,,414,PR.IP-3: Configuration change control processes are in place,PR,,
,,,,,"M11K) Isolate networks (distribution control networks) by segmenting the distribution
control network itself","PR.AC-5: Network integrity is protected (e.g., network segregation, network segmentation)",DGM,dgm.csv,,415,"PR.AC-5: Network integrity is protected (e.g., network segregation, network segmentation)",PR,,
,Hijacked Substation Wireless Damages Substation Equipment,"A threat agent carries out a man in the middle attack, hijacking the wireless communications channel to a substation transformer. The threat agent uses this capability to disable transformer cooling fans and overheat the device. Depending on the transformer and its controller, this could be done through a direct command or by drastically increasing oil temperature setpoints. Many transformers are also custom built and have long lead times for replacement or repair",V12A) System relies on credentials that are easy to obtain for access between the transformer and the substation controller,I12A) Loss of customer power,M12A) Authenticate users of wireless communications,"PR.AC-7: Users, devices, and other assets are authenticated (e.g., single-factor, multi-factor) commensurate with the risk of the transaction (e.g., individuals’ security and privacy risks and other organizational risks)",DGM,dgm.csv,,416,"PR.AC-7: Users, devices, and other assets are authenticated (e.g., single-factor, multi-factor) commensurate with the risk of the transaction (e.g., individuals’ security and privacy risks and other organizational risks)",PR,,12.0
,,,"V12B) System makes messages accessible to unauthorized individuals in the wireless
communication channel",I12A) Damage to critical substation equipment,M12B) Encrypt communications paths for wireless communications,"PR.PT-4: Communications and control networks are protected
PR.DS-2: Data-in-transit is protected",DGM,dgm.csv,,417,"PR.PT-4: Communications and control networks are protected
PR.DS-2: Data-in-transit is protected",PR,,
,,,"V12C) Emergency situations may not have the appropriate replacement equipment, some of which require long lead times for repair or replacement (custom built transformers)",I12A) Monetary loss,M12C) Design for trust by replacing wireless communications with wired ones,"PR.IP-1: A baseline configuration of information technology/industrial control systems is created and maintained incorporating security principles (e.g. concept of least functionality)
PR.PT-4: Communications and control networks are protected",DGM,dgm.csv,,418,"PR.IP-1: A baseline configuration of information technology/industrial control systems is created and maintained incorporating security principles (e.g. concept of least functionality)
PR.PT-4: Communications and control networks are protected",PR,,
,,,,,M12D) Create audit log of all changes in control functions and set points,"PR.PT-1: Audit/log records are determined, documented, implemented, and reviewed in accordance with policy",DGM,dgm.csv,,419,"PR.PT-1: Audit/log records are determined, documented, implemented, and reviewed in accordance with policy",PR,,
,,,,,M12E) Generate alerts for unusual changes in control functions and set points,"DE.AE-5: Incident alert thresholds are established
DE.CM-1: The network is monitored to detect potential cybersecurity events",DGM,dgm.csv,,420,"DE.AE-5: Incident alert thresholds are established
DE.CM-1: The network is monitored to detect potential cybersecurity events",DE,,
,Poor Account Management Compromises DMS and Causes Power Loss,"After a maintenance employee retires, computer services personnel forgot to deactivate the employees account on the DMS network. A week later, a threat agent uses the employee’s credentials to access the DMS network. The threat agent alters DMS switching schedules so that automated and manual switching actions trip the wrong lines after a fault or before maintenance to cause power interruptions for critical loads, such as hospitals or prisons",V13A) Workforce not trained in proper procedures to check for human error in account management,I13A) Loss of critical customer power,M13A) Require credential revocation in a timely manner for passwords of former employees,"PR.AC-1: Identities and credentials are issued, managed, verified, revoked, and audited for authorized devices, users and processes",DGM,dgm.csv,,421,"PR.AC-1: Identities and credentials are issued, managed, verified, revoked, and audited for authorized devices, users and processes",PR,,13.0
,,,V13B) Adherence to policies and procedures degrades over time introducing human error in account management,I13A) Possible loss of human lives,M13B) Perform audit of live accounts periodically to verify and encourage adherence to procedures,"PR.AC-1: Identities and credentials are issued, managed, verified, revoked, and audited for authorized devices, users and processes",DGM,dgm.csv,,422,"PR.AC-1: Identities and credentials are issued, managed, verified, revoked, and audited for authorized devices, users and processes",PR,,
,,,V13C) Human error in adherence to policies and procedures to check for human error in account management,I13A) Negative publicity,M13C) Generate alarms for loss of power to ensure timely restoration of power,"DE.AE-5: Incident alert thresholds are established
DE.CM-1: The network is monitored to detect potential cybersecurity events",DGM,dgm.csv,,423,"DE.AE-5: Incident alert thresholds are established
DE.CM-1: The network is monitored to detect potential cybersecurity events",DE,,
,Power loss due to lack of serial communication authentication,"Serial communications to substations over phone lines often lack authentication of field devices, such as RTUs. This might allow a threat agent to directly dial into modems attached to RTU equipment by war dialing city phone numbers or company phone extensions. Such techniques could allow a threat agent to send breaker trip commands to substation relays and disconnect feeders","V14A) Physical access to a serial port may enable logical access by unauthorized
entities to communications at substations",I14A) Loss of customer power,M14A) Authenticate users of serial communications using strong passwords,"PR.AC-7: Users, devices, and other assets are authenticated (e.g., single-factor, multi-factor) commensurate with the risk of the transaction (e.g., individuals’ security and privacy risks and other organizational risks)",DGM,dgm.csv,,424,"PR.AC-7: Users, devices, and other assets are authenticated (e.g., single-factor, multi-factor) commensurate with the risk of the transaction (e.g., individuals’ security and privacy risks and other organizational risks)",PR,,14.0
,,,"V14B) System relies on credentials that are easy to obtain for access to substation relays and RTU (e.g., no passwords or default passwords)",I14B) Monetary loss,M14B) Encrypt communication paths for serial communications using low latency encryption devices,"PR.PT-4: Communications and control networks are protected
PR.DS-2: Data-in-transit is protected",DGM,dgm.csv,,425,"PR.PT-4: Communications and control networks are protected
PR.DS-2: Data-in-transit is protected",PR,,
,,,V14C) Publicly accessible and/or third party controlled links used,I14C) Negative publicity,"M14C) Design for trust and migrate serial communications to field devices from public
phone lines to private communication channels","PR.IP-1: A baseline configuration of information technology/industrial control systems is created and maintained incorporating security principles (e.g. concept of least functionality)
PR.PT-4: Communications and control networks are protected",DGM,dgm.csv,,426,"PR.IP-1: A baseline configuration of information technology/industrial control systems is created and maintained incorporating security principles (e.g. concept of least functionality)
PR.PT-4: Communications and control networks are protected",PR,,
,,,"V14D) System makes messages accessible to unauthorized individuals using public
communications channels without encryption",,,,DGM,dgm.csv,,427,nan,,,
,Threat Agent Causes Worker Electrocution via Remote Access to Distribution System,"A threat agent performs reconnaissance of utility maintenance operations to identify current or scheduled maintenance on distribution lines and equipment
performed by utility linemen. The threat agent gains access to selected elements of the utility DMS system - which includes all distribution automation systems and equipment
in control rooms, substations, and on pole tops - via remote connections. After gaining the required access, the threat agent energizes distribution lines or equipment that are
under maintenance by linemen to elicit injury or death by electrocution. The remote connections might be established using a variety of methods or combination ofmethods. These include but are not limited to: using a lost, stolen, or acquired utility linemen’s laptop to access the DMS directly; compromising an active remotemaintenance connection used for vendor DMS application maintenance; taking advantage of an accidental bridged connection to the internet due to DMS misconfiguration; or subverting distribution control communications directly",V15A) Critical operations are not locked out during maintenance (automation system actions),I15A) Maintenance personnel injury or death,M15A) Define procedures that disallow remote DMS control actions on lines and equipment that are under maintenance,"PR.MA-2: Remote maintenance of organizational assets is approved, logged, and performed in a manner that prevents unauthorized access
PR.AC-3: Remote access is managed",DGM,dgm.csv,,428,"PR.MA-2: Remote maintenance of organizational assets is approved, logged, and performed in a manner that prevents unauthorized access
PR.AC-3: Remote access is managed",PR,,15.0
,,,"V15B) Physical access to mobile devices may enable logical access to business functions by unauthorized individuals* for linemen and maintenance personnel
company laptops used for remote connections",I15B) Damage to company reputation,M15B) Require strong passwords with complexity requirements on company devices and systems,"PR.AC-7: Users, devices, and other assets are authenticated (e.g., single-factor, multi-factor) commensurate with the risk of the transaction (e.g., individuals’ security and privacy risks and other organizational risks)",DGM,dgm.csv,,429,"PR.AC-7: Users, devices, and other assets are authenticated (e.g., single-factor, multi-factor) commensurate with the risk of the transaction (e.g., individuals’ security and privacy risks and other organizational risks)",PR,,
,,,V15C) System relies on credentials that are easy to obtain for access to company computers,I15C) Financial loss,"M15C) Train personnel (operations and maintenance employees) to protect company
information and documents from unauthorized disclosure","PR.AT-1: All users are informed and trained 
",DGM,dgm.csv,,430,"PR.AT-1: All users are informed and trained 
",PR,,
,,,"V15D) Physical access may be obtained by unauthorized individuals to proprietary utility
documents and information",I15D) Possible customer and utility equipment damage,"M15D) Define policy on handling sensitive information. This includes one-lines,
equipment information, communication architectures, protection schemes, load
profiles, etc.","ID.GV-1: Organizational cybersecurity policy is established and communicated
PR.DS-5: Protections against data leaks are implemented",DGM,dgm.csv,,431,"ID.GV-1: Organizational cybersecurity policy is established and communicated
PR.DS-5: Protections against data leaks are implemented",ID,,
,,,"V15E) Configuration changes are not verified for correctness to prevent and detect human error in data center configuration (e.g., Ethernet cable plugged into wrong port)",,"M15E) Train personnel (operations and maintenance employees) to handle and protect
company computing devices securely, incorporating two-factor authentication,
requirements on storing devices, and reporting instructions in cases of loss or
theft","PR.AT-1: All users are informed and trained 
",DGM,dgm.csv,,432,"PR.AT-1: All users are informed and trained 
",PR,,
,,,V15F) System permits unauthorized changes by allowing remote access for vendors to do application maintenance and troubleshooting,,M15F) Create audit log of all changes in HMI control actions,"PR.PT-1: Audit/log records are determined, documented, implemented, and reviewed in accordance with policy",DGM,dgm.csv,,433,"PR.PT-1: Audit/log records are determined, documented, implemented, and reviewed in accordance with policy",PR,,
,,,V15G) System makes messages accessible to unauthorized individuals in distribution control communications,,M15G) Generate alerts for all changes in HMI control actions,DE.AE-5: Incident alert thresholds are established,DGM,dgm.csv,,434,DE.AE-5: Incident alert thresholds are established,DE,,
,,,"V15H) System design limits opportunity for system recovery using reconfiguration such as distribution networks that are more radial in nature than meshed, making network reconfiguration to restore power more difficult",,M15H) Generate alerts for all changes in HMI control actions,DE.AE-5: Incident alert thresholds are established,DGM,dgm.csv,,435,DE.AE-5: Incident alert thresholds are established,DE,,
,,,,,"M15I) Restrict remote access of vendor connections (e.g., physically disconnect remote
connections when not in use)","PR.MA-2: Remote maintenance of organizational assets is approved, logged, and performed in a manner that prevents unauthorized access
PR.AC-3: Remote access is managed",DGM,dgm.csv,,436,"PR.MA-2: Remote maintenance of organizational assets is approved, logged, and performed in a manner that prevents unauthorized access
PR.AC-3: Remote access is managed",PR,,
,,,,,M15G) Encrypt communication paths for distribution control communications,"PR.PT-4: Communications and control networks are protected
PR.DS-2: Data-in-transit is protected


",DGM,dgm.csv,,437,"PR.PT-4: Communications and control networks are protected
PR.DS-2: Data-in-transit is protected


",PR,,
,,,,,M15H) Require two-person rule to verify DMS configuration,"PR.AC-4: Access permissions and authorizations are managed, incorporating the principles of least privilege and separation of duties
PR.IP-1: A baseline configuration of information technology/industrial control systems is created and maintained incorporating security principles (e.g. concept of least functionality)",DGM,dgm.csv,,438,"PR.AC-4: Access permissions and authorizations are managed, incorporating the principles of least privilege and separation of duties
PR.IP-1: A baseline configuration of information technology/industrial control systems is created and maintained incorporating security principles (e.g. concept of least functionality)",PR,,
,,,,,M15I) Implement configuration management of DMS configuration documents,PR.IP-3: Configuration change control processes are in place,DGM,dgm.csv,,439,PR.IP-3: Configuration change control processes are in place,PR,,
,,,,,M15J) Confirm action to modify the data center physical configuration,PR.IP-3: Configuration change control processes are in place,DGM,dgm.csv,,440,PR.IP-3: Configuration change control processes are in place,PR,,
,,,,,"M15K) Isolate networks (distribution control network) by segmenting the distribution
control network itself","PR.AC-5: Network integrity is protected (e.g., network segregation, network segmentation)",DGM,dgm.csv,,441,"PR.AC-5: Network integrity is protected (e.g., network segregation, network segmentation)",PR,,
,Threat agent compromises serial control link to substation,"The Telco/Commercial Service Provider (CSP) provides communications capability between the utility’s substation and headend/control center. Both wired and
wireless based interfaces may be involved depending on the particular utility standards and site-specific constraints. Wired-based communication links can be analog or digital leased lines, while wireless interfaces are typically radio, cellular or even satellite based. To establish the Telco/CSP end-to-end communications, a point of demarcation (Demarc) is provided where the local utility owned communications infrastructure interfaces the telco owned network infrastructure (Error! Reference source notound.). A knowledgeable threat agent can compromise the serial communications at the Demarc by intercepting and selectively modifying communicated data to masquerade as a user (man-in-the-middle) or replay attack, in which the threat agent captures control messages and subsequent retransmission with the intent of producing an unauthorized effect. This can potentially compromise both real-time (sometimes referred to as operational) traffic as well as non-real-time (sometimes referred to as non-operational) traffic. In the context of real-time data exchanges, the substation gateway or RTU in the substation or the SCADA Front End Processor (FEP) at the headend can be affected by manipulating command and control messages in the direction of the substation or information messages in the direction of the head end. In the case of non-operational data exchanges, IED settings can be potentially manipulated",V16A) Physical access may be obtained by unauthorized individuals to the utility or Telco/ISP,"I16A) Loss of customer power, possibly to critical customers (e.g., hospital)","M16A) Implement approved cryptographic algorithms to protect the integrity of
communications and the cryptographic keys","PR.DS-1: Data-at-rest is protected
PR.DS-2: Data-in-transit is protected
PR.PT-4: Communications and control networks are protected",DGM,dgm.csv,,442,"PR.DS-1: Data-at-rest is protected
PR.DS-2: Data-in-transit is protected
PR.PT-4: Communications and control networks are protected",PR,,16.0
,,,V16B) Unnecessary network access is permitted allowing access of threat agent to the demarc or within the service providers network CSU/DSU,I16B) Potential customer and utility equipment damage,M16B) Implement approved key management to protect the cryptographic keys,"PR.DS-1: Data-at-rest is protected
PR.DS-2: Data-in-transit is protected",DGM,dgm.csv,,443,"PR.DS-1: Data-at-rest is protected
PR.DS-2: Data-in-transit is protected",PR,,
,,,"V16C) System relies on credentials that are easy to obtain for access to substation
gateway/RTU or SCADA FEP","I16C) Financial loss associated with any equipment damage or restoration to normal
operations","M16C) Detect unusual patterns of energy usage on Generation Automation (all utilities have some type of revenue protection scheme, but these may not be adequate)","DE.AE-5: Incident alert thresholds are established
DE.AE-1: A baseline of network operations and expected data flows for users and systems is established and managed
DE.CM-1: The network is monitored to detect potential cybersecurity events
",DGM,dgm.csv,,444,"DE.AE-5: Incident alert thresholds are established
DE.AE-1: A baseline of network operations and expected data flows for users and systems is established and managed
DE.CM-1: The network is monitored to detect potential cybersecurity events
",DE,,
,,,V16D) Users lack visibility of unapproved access* to the demarc,"I16D) Increase in public safety concerns (e.g., loss of heating or cooling on extremely cold or hot days)",M16D) Detect unauthorized access in network traffic between substation and headend,"DE.CM-7: Monitoring for unauthorized personnel, connections, devices, and software is performed",DGM,dgm.csv,,445,"DE.CM-7: Monitoring for unauthorized personnel, connections, devices, and software is performed",DE,,
,,,"V16E) Commands or other messages may be inserted on the network by unauthorized
individuals* in the communication protocol",I16E) Negative impact on customer service due to increase in calls and complaints,M16E) Require authentication on all data exchanges,"PR.AC-7: Users, devices, and other assets are authenticated (e.g., single-factor, multi-factor) commensurate with the risk of the transaction (e.g., individuals’ security and privacy risks and other organizational risks)",DGM,dgm.csv,,446,"PR.AC-7: Users, devices, and other assets are authenticated (e.g., single-factor, multi-factor) commensurate with the risk of the transaction (e.g., individuals’ security and privacy risks and other organizational risks)",PR,,
,,,V16F) System makes messages accessible to unauthorized individuals over the serial link,I16F) Damage to goodwill toward utility,"M16F) Encrypt communication paths for serial messaging by using bump-in-the-wire
solution","PR.PT-4: Communications and control networks are protected
PR.DS-2: Data-in-transit is protected


",DGM,dgm.csv,,447,"PR.PT-4: Communications and control networks are protected
PR.DS-2: Data-in-transit is protected


",PR,,
,,,V16G) Message modified by an adversary is either difficult or infeasible to distinguish from a valid message in the communication protocol,,"M16G) Require multi-factor authentication by Telco/CSP to the device containing
CSU/DSU units through service level agreement (SLA)","PR.AC-7: Users, devices, and other assets are authenticated (e.g., single-factor, multi-factor) commensurate with the risk of the transaction (e.g., individuals’ security and privacy risks and other organizational risks)",DGM,dgm.csv,,448,"PR.AC-7: Users, devices, and other assets are authenticated (e.g., single-factor, multi-factor) commensurate with the risk of the transaction (e.g., individuals’ security and privacy risks and other organizational risks)",PR,,
,,,V16H) Physical access may be obtained by unauthorized individuals to the utility or Telco/ISP,,M16H) Require tamper detection and response by Telco/CSP for the Demarc through SLA,ID.SC-3: Contracts with suppliers and third-party partners are used to implement appropriate measures designed to meet the objectives of an organization’s cybersecurity program and Cyber Supply Chain Risk Management Plan,DGM,dgm.csv,,449,ID.SC-3: Contracts with suppliers and third-party partners are used to implement appropriate measures designed to meet the objectives of an organization’s cybersecurity program and Cyber Supply Chain Risk Management Plan,ID,,
,,,"V16I) A copy of a prior message or command is difficult or infeasible to distinguish from
a new legitimate message or command over the serial link",,M161) Restrict physical access by implementing personnel security control procedures,PR.AC-2: Physical access to assets is managed and protected,DGM,dgm.csv,,450,PR.AC-2: Physical access to assets is managed and protected,PR,,
,,,,,,,DGM,dgm.csv,,451,nan,,,
,,,,,,,DGM,dgm.csv,,452,nan,,,
,,,,,,,DGM,dgm.csv,,453,nan,,,
,,,,,,,DGM,dgm.csv,,454,nan,,,
,,,,,,,DGM,dgm.csv,,455,nan,,,
,,,,,,,DGM,dgm.csv,,456,nan,,,
,,,,,,,DGM,dgm.csv,,457,nan,,,
,,,,,,,DGM,dgm.csv,,458,nan,,,
,,,,,,,DGM,dgm.csv,,459,nan,,,
,,,,,,,DGM,dgm.csv,,460,nan,,,
,,,,,,,DGM,dgm.csv,,461,nan,,,
,,,,,,,DGM,dgm.csv,,462,nan,,,
,,,,,,,DGM,dgm.csv,,463,nan,,,
,,,,,,,DGM,dgm.csv,,464,nan,,,
,,,,,,,DGM,dgm.csv,,465,nan,,,
,,,,,,,DGM,dgm.csv,,466,nan,,,
,,,,,,,DGM,dgm.csv,,467,nan,,,
,,,,,,,DGM,dgm.csv,,468,nan,,,
,,,,,,,DGM,dgm.csv,,469,nan,,,
,,,,,,,DGM,dgm.csv,,470,nan,,,
,,,,,,,DGM,dgm.csv,,471,nan,,,
,,,,,,,DGM,dgm.csv,,472,nan,,,
,,,,,,,DGM,dgm.csv,,473,nan,,,
,,,,,,,DGM,dgm.csv,,474,nan,,,
,,,,,,,DGM,dgm.csv,,475,nan,,,
,,,,,,,DGM,dgm.csv,,476,nan,,,
,,,,,,,DGM,dgm.csv,,477,nan,,,
,,,,,,,DGM,dgm.csv,,478,nan,,,
,,,,,,,DGM,dgm.csv,,479,nan,,,
,,,,,,,DGM,dgm.csv,,480,nan,,,
,,,,,,,DGM,dgm.csv,,481,nan,,,
,,,,,,,DGM,dgm.csv,,482,nan,,,
,,,,,,,DGM,dgm.csv,,483,nan,,,
,,,,,,,DGM,dgm.csv,,484,nan,,,
,,,,,,,DGM,dgm.csv,,485,nan,,,
,,,,,,,DGM,dgm.csv,,486,nan,,,
,,,,,,,DGM,dgm.csv,,487,nan,,,
,,,,,,,DGM,dgm.csv,,488,nan,,,
,,,,,,,DGM,dgm.csv,,489,nan,,,
,,,,,,,DGM,dgm.csv,,490,nan,,,
,,,,,,,DGM,dgm.csv,,491,nan,,,
,,,,,,,DGM,dgm.csv,,492,nan,,,
,,,,,,,DGM,dgm.csv,,493,nan,,,
,,,,,,,DGM,dgm.csv,,494,nan,,,
,,,,,,,DGM,dgm.csv,,495,nan,,,
,,,,,,,DGM,dgm.csv,,496,nan,,,
,,,,,,,DGM,dgm.csv,,497,nan,,,
,,,,,,,DGM,dgm.csv,,498,nan,,,
,,,,,,,DGM,dgm.csv,,499,nan,,,
,,,,,,,DGM,dgm.csv,,500,nan,,,
,,,,,,,DGM,dgm.csv,,501,nan,,,
,,,,,,,DGM,dgm.csv,,502,nan,,,
